Name,Team,x,Position,y,Height,z,College,Salary
Avery Bradley,Boston Celtics,-1.133439363788221,PG,-1.5958590193920439,6-2,-0.040142813627218964,Texas,7730337.0
Jae Crowder,Boston Celtics,1.524314853114827,SF,3.8785374914134296,6-6,0.6688152823760042,Marquette,6796117.0
John Holland,Boston Celtics,-0.24854950520580749,SG,0.4019288783426254,6-5,0.5961405672555119,Boston University,3972378.5
R.J. Hunter,Boston Celtics,-1.6520064878631393,SG,0.569963821576357,6-5,0.30488991620673966,Georgia State,1148640.0
Jonas Jerebko,Boston Celtics,0.33726875595775446,PF,-0.4425992769543821,6-10,-0.01197950887089473,,5000000.0
Amir Johnson,Boston Celtics,2.5454243504190206,PF,2.8117174217525878,6-9,0.7224201370278757,,12000000.0
Jordan Mickey,Boston Celtics,-0.2632126000026766,PF,2.611424776593858,6-8,-0.35493151812348733,LSU,1170960.0
Kelly Olynyk,Boston Celtics,0.20002043686079626,C,1.6846684076738507,7-0,-0.051512964706730585,Gonzaga,2165160.0
Terry Rozier,Boston Celtics,-1.7240850627413538,PG,-0.15942267921188039,6-2,-0.11108733655626242,Louisville,1824360.0
Marcus Smart,Boston Celtics,-0.5262619155344089,PG,1.2396272416146314,6-4,-0.38583062007267577,Oklahoma State,3431040.0
Jared Sullinger,Boston Celtics,0.05967555568940951,C,0.4585065467354583,6-9,-1.2465773330272225,Ohio State,2569260.0
Isaiah Thomas,Boston Celtics,-0.7888324126039646,PG,-1.3743587400993236,5-9,0.32548890869849395,Washington,6912869.0
Evan Turner,Boston Celtics,-0.27600487859788686,SG,-0.20187494495116556,6-7,0.024893619469143802,Ohio State,3425510.0
James Young,Boston Celtics,-1.427746658274505,SG,0.37832405567029753,6-6,-0.8994482013010655,Kentucky,1749840.0
Tyler Zeller,Boston Celtics,0.7499238018449171,C,1.944487226379784,7-0,-0.15028862922592562,North Carolina,2616975.0
Bojan Bogdanovic,Brooklyn Nets,0.15469277204878706,SG,1.2631794205869389,6-8,0.6643355079305104,,3425510.0
Markel Brown,Brooklyn Nets,-1.4111783284104866,SG,0.2806939459721776,6-3,0.4635561973827066,Oklahoma State,845059.0
Wayne Ellington,Brooklyn Nets,-0.6262158302748176,SG,0.09012151434929586,6-4,0.8795852850315883,North Carolina,1500000.0
Rondae Hollis-Jefferson,Brooklyn Nets,-1.060186320218265,SG,0.9422477264133706,6-7,-0.6101925498615408,Arizona,1335480.0
Jarrett Jack,Brooklyn Nets,0.08698631175339906,PG,-1.4740464662754813,6-3,0.8861670007079272,Georgia Tech,6300000.0
Sergey Karasev,Brooklyn Nets,-1.3858457977301675,SG,0.03562796877383172,6-7,-0.47199943524733745,,1599840.0
Sean Kilpatrick,Brooklyn Nets,-0.8456451080684392,SG,-0.07694762220277367,6-4,0.023442690726065175,Cincinnati,134215.0
Shane Larkin,Brooklyn Nets,-2.1447669020964852,PG,-0.9619932792703965,5-11,0.15989673939620316,Miami (FL),1500000.0
Brook Lopez,Brooklyn Nets,2.736503923669085,C,-0.9938922661443834,7-0,-2.0023576900249687,Stanford,19689000.0
Chris McCullough,Brooklyn Nets,-1.8779533058999711,PF,-0.3971052142181178,6-11,-0.6083335920326497,Syracuse,1140240.0
Willie Reed,Brooklyn Nets,-0.3158395072901762,PF,1.1075243542382214,6-10,0.4079129900174529,Saint Louis,947276.0
Thomas Robinson,Brooklyn Nets,0.05565936560869944,PF,1.7825300147597167,6-10,0.051067723303296356,Kansas,981348.0
Henry Sims,Brooklyn Nets,-0.002947549041082161,C,0.6438400779290236,6-10,-0.4493747851660397,Georgetown,947276.0
Donald Sloan,Brooklyn Nets,-0.6684784462051394,PG,-0.060502868765584604,6-3,0.7210026330545869,Texas A&M,947276.0
Thaddeus Young,Brooklyn Nets,0.8525140822736214,PF,-0.05272028469133507,6-8,-0.2210282919533644,Georgia Tech,11235955.0
Arron Afflalo,New York Knicks,0.2553056656123158,SG,-1.2806805902532212,6-5,0.2751557168721895,UCLA,8000000.0
Lou Amundson,New York Knicks,0.404800395428667,PF,-0.0992417182232424,6-9,1.2581384041164612,UNLV,1635476.0
Thanasis Antetokounmpo,New York Knicks,-0.9670708108678872,SF,1.6072839605623064,6-7,0.4265513634026845,,30888.0
Carmelo Anthony,New York Knicks,2.754178926268986,SF,-2.2290169984602746,6-8,-0.9596208616834174,Syracuse,22875000.0
Jose Calderon,New York Knicks,0.47413627000498465,PG,-1.647733544658809,6-3,1.1602389182272126,,7402812.0
Cleanthony Early,New York Knicks,-1.0186690591041316,SF,0.010788654026173697,6-8,0.06251763115324985,Wichita State,845059.0
Langston Galloway,New York Knicks,-1.5068565609305289,SG,-0.49523905441272575,6-2,-0.06818371125712691,Saint Joseph's,845059.0
Jerian Grant,New York Knicks,-1.4966896027890566,PG,-0.07282045220771736,6-4,-0.003988452921385061,Notre Dame,1572360.0
Robin Lopez,New York Knicks,1.5242896429168873,C,-0.7582986556039925,7-0,-1.1761103406478866,Stanford,12650000.0
Kyle O'Quinn,New York Knicks,0.2523259369908519,PF,0.17577973053668652,6-10,-0.7705921020621271,Norfolk State,3750000.0
Kristaps Porzingis,New York Knicks,-0.7454237132885068,PF,0.1979010630196995,7-3,-1.662893827405941,,4131720.0
Kevin Seraphin,New York Knicks,0.6410013931021697,C,0.30921800895140683,6-10,-1.3740543880116722,,2814000.0
Lance Thomas,New York Knicks,0.48150662884608436,SF,1.56437458168974,6-8,0.5621932818385178,Duke,1636842.0
Sasha Vujacic,New York Knicks,-0.32504549893699414,SG,-0.299630832929111,6-7,1.6322192248663567,,947276.0
Derrick Williams,New York Knicks,0.15104784751968597,PF,0.7082705420196561,6-8,-0.5263306983370449,Arizona,4000000.0
Tony Wroten,New York Knicks,-1.5494280801459799,SG,-0.1608214546869741,6-6,-0.23173706659669335,Washington,167406.0
Elton Brand,Philadelphia 76ers,1.94232879128162,PF,1.430709601634502,6-9,1.7834697884269544,Duke,557341.0
Isaiah Canaan,Philadelphia 76ers,-1.3771928806814793,PG,-0.6400280116996254,6-0,0.03884441137379857,Murray State,947276.0
Robert Covington,Philadelphia 76ers,-0.5481647033340636,SF,1.0860710051457956,6-9,0.3319476516883222,Tennessee State,1000000.0
Joel Embiid,Philadelphia 76ers,0.01685889932234108,C,0.8764594300843939,7-0,-1.297308562356716,Kansas,4626960.0
Jerami Grant,Philadelphia 76ers,-0.965105017005628,SF,1.4764398883218235,6-8,0.03822513302761196,Syracuse,845059.0
Richaun Holmes,Philadelphia 76ers,-0.44432008507181586,PF,1.1867980433579701,6-10,-0.9343323998029277,Bowling Green,1074169.0
Carl Landry,Philadelphia 76ers,1.2338350111795042,PF,-0.5526434817563133,6-9,0.04375417236304497,Purdue,6500000.0
Kendall Marshall,Philadelphia 76ers,-1.3252338556935217,PG,-0.4803483973718877,6-4,-0.10870017083449116,North Carolina,2144772.0
T.J. McConnell,Philadelphia 76ers,-1.3830052676402673,PG,-0.0029209885913975358,6-2,0.12509594546139502,Arizona,525093.0
Nerlens Noel,Philadelphia 76ers,-0.8511874788765896,PF,-0.12266138835400708,6-11,-1.0862284997492553,Kentucky,3457800.0
Jahlil Okafor,Philadelphia 76ers,0.09656864518765622,C,0.7647072974575242,6-11,-2.3267813034535814,Duke,4582680.0
Ish Smith,Philadelphia 76ers,-1.671676926741035,PG,-1.093090674126135,6-0,0.8856384429140973,Wake Forest,947276.0
Nik Stauskas,Philadelphia 76ers,-1.304213013258662,SG,-0.08333411648019126,6-6,-0.48742742278594453,Michigan,2869440.0
Hollis Thompson,Philadelphia 76ers,-0.7814527704141029,SG,0.8656825993379176,6-8,0.47283777406279226,Georgetown,947276.0
Christian Wood,Philadelphia 76ers,-1.1000519493733258,PF,1.5848873194940487,6-11,-0.5326480529802111,UNLV,525093.0
Bismack Biyombo,Toronto Raptors,-0.3553401220657137,C,0.31715768898041974,6-9,-1.1286810066447672,,2814000.0
Bruno Caboclo,Toronto Raptors,-1.5595065259902456,SF,0.5753121152553327,6-9,-0.5736777371051099,,1524000.0
DeMarre Carroll,Toronto Raptors,0.7656525896901822,SF,-1.680316124218122,6-8,-0.3084735669762881,Missouri,13600000.0
DeMar DeRozan,Toronto Raptors,0.2653389463809567,SG,-0.8209302548500518,6-7,-0.6271090818678501,USC,10050000.0
James Johnson,Toronto Raptors,0.4147112729760314,PF,-0.15481131706320483,6-9,-0.2825456655840093,Wake Forest,2500000.0
Cory Joseph,Toronto Raptors,-1.0252415431826107,PG,-1.0439606938103232,6-3,-0.24394012064168935,Texas,7000000.0
Kyle Lowry,Toronto Raptors,0.6073000149761851,PG,-1.5966352520730094,6-0,0.13924073427794936,Villanova,12000000.0
Lucas Nogueira,Toronto Raptors,0.31694489460499614,C,3.91984491074135,7-0,0.8496411698949757,,1842000.0
Patrick Patterson,Toronto Raptors,1.0206549172169537,PF,1.7353599900356032,6-9,0.2727282754356389,Kentucky,6268675.0
Norman Powell,Toronto Raptors,-0.9829685397139089,SG,0.8186280847752698,6-4,-0.1318119305840936,UCLA,650000.0
Terrence Ross,Toronto Raptors,-0.7517320097897014,SF,0.45506078253934484,6-7,0.49825412685526016,Washington,3553917.0
Luis Scola,Toronto Raptors,1.1541070514141434,PF,-0.6967831470933401,6-9,1.0685495785677854,,2900000.0
Jason Thompson,Toronto Raptors,0.14992347218101848,PF,-0.03263351917720302,6-11,-0.1575534172626433,Rider,245177.0
Jonas Valanciunas,Toronto Raptors,0.3239742449430726,C,0.647487817784107,7-0,-1.1282933208684602,,4660482.0
Delon Wright,Toronto Raptors,-0.8244146344245293,PG,1.741663111016983,6-5,0.979978426676518,Utah,1509360.0
Leandro Barbosa,Golden State Warriors,-0.041803200301785054,SG,-0.47343996207006794,6-3,1.7261573829538255,,2500000.0
Harrison Barnes,Golden State Warriors,-0.05125207168438678,SF,1.341251790214331,6-8,-0.10910988241005386,North Carolina,3873398.0
Andrew Bogut,Golden State Warriors,2.2011977166985743,C,-0.7814775325118288,7-0,-0.7819147652329203,Utah,13800000.0
Ian Clark,Golden State Warriors,-1.6150381596013041,SG,-0.05440685577521411,6-3,0.8922032268306284,Belmont,947276.0
Stephen Curry,Golden State Warriors,0.3185065708620111,PG,-0.5812362380867371,6-3,0.5269359432402931,Davidson,11370786.0
Festus Ezeli,Golden State Warriors,0.7448207625046878,C,1.5793017245562604,6-11,-0.5576832884461931,Vanderbilt,2008748.0
Draymond Green,Golden State Warriors,1.1235249889102343,PF,-0.47335938327682736,6-7,-0.8927223909005066,Michigan State,14260870.0
Andre Iguodala,Golden State Warriors,1.0842889866351717,SF,-1.4438368459645543,6-6,0.33830347962649643,Arizona,11710456.0
Shaun Livingston,Golden State Warriors,0.0790984409044531,PG,0.07259630523753859,6-7,1.3032177301163008,,5543725.0
Kevon Looney,Golden State Warriors,-1.0215389091590945,SF,1.5733295877882167,6-9,-0.5584072594586458,UCLA,1131960.0
James Michael McAdoo,Golden State Warriors,-0.47990932855276,SF,0.9848485553753048,6-9,-0.6897152978390704,North Carolina,845059.0
Brandon Rush,Golden State Warriors,-0.22294493523580516,SF,-0.4925833273726912,6-6,0.559707665969935,Kansas,1270964.0
Marreese Speights,Golden State Warriors,0.5626995280004966,C,-0.056187095587378236,6-10,-0.6037983895590048,Florida,3815000.0
Klay Thompson,Golden State Warriors,0.7361302430875127,SG,-1.367325845452444,6-7,-0.8995666407253335,Washington State,15501000.0
Anderson Varejao,Golden State Warriors,1.4379968053240093,PF,0.8583976316176365,6-11,0.3613623874147651,,289755.0
Cole Aldrich,Los Angeles Clippers,0.6718354324121381,C,2.0331482974518265,6-11,0.1983166740469997,Kansas,1100602.0
Jeff Ayres,Los Angeles Clippers,0.418627926947656,PF,0.8114619637489034,6-9,0.15914172408814128,Arizona State,111444.0
Jamal Crawford,Los Angeles Clippers,0.5690401033310961,SG,-1.3026746042067514,6-5,1.848739792377107,Michigan,5675000.0
Branden Dawson,Los Angeles Clippers,-0.8090287500931936,SF,0.8859507503900905,6-6,-0.3474795841690567,Michigan State,525093.0
Jeff Green,Los Angeles Clippers,0.9058891352887142,SF,-0.8259341356921079,6-9,-0.41628596689852837,Georgetown,9650000.0
Blake Griffin,Los Angeles Clippers,2.3327914363752007,PF,-0.246899021427502,6-10,-1.299345839845365,Oklahoma,18907726.0
Wesley Johnson,Los Angeles Clippers,-0.15179804733691152,SF,0.9040901333171956,6-7,0.8270956983125035,Syracuse,1100602.0
DeAndre Jordan,Los Angeles Clippers,2.311104639064873,C,-1.3151709881218199,6-11,-2.0647796844344763,Texas A&M,19689000.0
Luc Richard Mbah a Moute,Los Angeles Clippers,-0.04126131565897248,PF,0.11299577817254283,6-8,0.36135117850912535,UCLA,947276.0
Chris Paul,Los Angeles Clippers,0.9984662645264032,PG,-3.1832605096996893,6-0,0.1411630048647027,Wake Forest,21468695.0
Paul Pierce,Los Angeles Clippers,1.822459691732163,SF,0.45469675751396293,6-7,1.9770549957082608,Kansas,3376000.0
Pablo Prigioni,Los Angeles Clippers,0.21602285401537755,PG,-1.2654569042164525,6-3,2.8408139484984765,,947726.0
JJ Redick,Los Angeles Clippers,-0.1472792998631147,SG,-1.546709259952401,6-4,0.8878332600095864,Duke,7085000.0
Austin Rivers,Los Angeles Clippers,-1.039952085762409,PG,0.4089462740719356,6-4,-0.002895605466421404,Duke,3110796.0
C.J. Wilcox,Los Angeles Clippers,-1.0152533116718216,SG,0.6366914328615455,6-5,0.6501552185283715,Washington,1159680.0
Brandon Bass,Los Angeles Lakers,0.7080708642970139,PF,-0.36351375418526183,6-8,-7.05562354906198e-05,LSU,3000000.0
Tarik Black,Los Angeles Lakers,-0.007418881031908912,C,1.4446890171988387,6-9,-0.5760837924289108,Kansas,845059.0
Anthony Brown,Los Angeles Lakers,-1.416562674260289,SF,-0.22996769055492447,6-7,-0.3986356242448219,Stanford,700000.0
Kobe Bryant,Los Angeles Lakers,3.273104545121956,SF,-2.3472537244589353,6-6,0.5506373383280915,,25000000.0
Jordan Clarkson,Los Angeles Lakers,-1.5750260558628737,PG,-0.3991772271047095,6-5,0.11430153792503461,Missouri,845059.0
Roy Hibbert,Los Angeles Lakers,2.4261534909564797,C,-0.45832460478081627,7-2,-1.3482246624222234,Georgetown,15592217.0
Marcelo Huertas,Los Angeles Lakers,-0.2722359951865294,PG,-0.6587077156337231,6-3,1.5806302368559126,,525093.0
Ryan Kelly,Los Angeles Lakers,-0.6010188556483295,PF,-0.10055552583097231,6-11,-0.4997056078782671,Duke,1724250.0
Larry Nance Jr.,Los Angeles Lakers,-0.8700902074079968,PF,0.20705363112459768,6-9,-0.7431961367891756,Wyoming,1155600.0
Julius Randle,Los Angeles Lakers,-0.12523522568986156,PF,1.4918406002586133,6-9,-1.2056076090042742,Kentucky,3132240.0
D'Angelo Russell,Los Angeles Lakers,-1.7055435201492302,PG,-0.7906201080188605,6-5,-0.9602543560684206,Ohio State,5103120.0
Robert Sacre,Los Angeles Lakers,1.1745025901797257,C,2.5710557235983584,7-0,-0.0886042441040392,Gonzaga,981348.0
Louis Williams,Los Angeles Lakers,-0.44253010294666195,SG,-0.7678426143417384,6-1,1.1688417515347742,,7000000.0
Metta World Peace,Los Angeles Lakers,1.9065117191515166,SF,1.3088266381712974,6-7,1.388979443915452,St. John's,947276.0
Nick Young,Los Angeles Lakers,0.03332853598116984,SF,-1.2582956951037172,6-7,0.570546768074696,USC,5219169.0
Eric Bledsoe,Phoenix Suns,-0.15792119491425907,PG,-1.9621405243354972,6-1,-0.4361186391627762,Kentucky,13500000.0
Devin Booker,Phoenix Suns,-1.9020727667070205,SG,-0.2874518855965504,6-6,-1.127070350938387,Kentucky,2127840.0
Chase Budinger,Phoenix Suns,-0.7363671831266005,SF,-0.16179825304000717,6-7,0.6118174572502573,Arizona,206192.0
Tyson Chandler,Phoenix Suns,1.8135909713950982,C,-1.4854161681822473,7-1,-0.14649595229334253,,13000000.0
Archie Goodwin,Phoenix Suns,-1.5776473817206433,SG,0.4785570315040217,6-5,-0.28541252349652546,Kentucky,1160160.0
John Jenkins,Phoenix Suns,-0.707065889791077,SG,0.6259733254538292,6-4,0.16256562829745558,Vanderbilt,981348.0
Brandon Knight,Phoenix Suns,-0.4213527449389959,PG,-1.8157955848687661,6-3,-0.7348464413868256,Kentucky,13500000.0
Alex Len,Phoenix Suns,0.15026121858300626,C,1.102281276908836,7-1,-1.429792326863229,Maryland,3807120.0
Jon Leuer,Phoenix Suns,-0.050589034745485845,PF,1.0213955494428106,6-10,0.3656538868676172,Wisconsin,1035000.0
Phil Pressey,Phoenix Suns,-1.6445334962728582,PG,0.21517581978481132,5-11,1.0234031241933284,Missouri,55722.0
Ronnie Price,Phoenix Suns,-0.4969651429546211,PG,-0.5582857853517795,6-2,1.659111461183231,Utah Valley,947276.0
Mirza Teletovic,Phoenix Suns,1.1815838472984075,PF,0.8620037592902565,6-9,0.3716575729407658,,5500000.0
P.J. Tucker,Phoenix Suns,1.0931668853614367,SF,0.017507456768593683,6-6,0.17471353439011547,Texas,5500000.0
T.J. Warren,Phoenix Suns,-0.8286012530323325,SF,0.41120357507128436,6-8,-0.8877548125995167,North Carolina State,2041080.0
Alan Williams,Phoenix Suns,-0.20070750079663482,C,1.1220103125632228,6-8,-1.1019972712873571,UC Santa Barbara,83397.0
Quincy Acy,Sacramento Kings,-0.3183792988693315,SF,0.5336306891061997,6-7,-0.483990663293435,Baylor,981348.0
James Anderson,Sacramento Kings,-0.7724362686936376,SG,-0.3531405208947838,6-6,0.22580448354277716,Oklahoma State,1015421.0
Marco Belinelli,Sacramento Kings,0.038864550127979826,SG,-1.1423294380328266,6-5,0.3949567098037966,,6060606.0
Caron Butler,Sacramento Kings,1.1658403935192228,SF,0.5109468352286445,6-7,1.8602366848574037,Connecticut,1449187.0
Omri Casspi,Sacramento Kings,-0.1179942052672774,SF,0.2514174634204062,6-9,0.0908018576078682,,2836186.0
Willie Cauley-Stein,Sacramento Kings,-0.6582211068347659,C,-0.12437257322529101,7-0,-1.3787190844733688,Kentucky,3398280.0
Darren Collison,Sacramento Kings,-1.0279479641120965,PG,-1.2603540735378769,6-0,0.8684995073136026,UCLA,5013559.0
DeMarcus Cousins,Sacramento Kings,1.9070393574533377,C,-0.34553559849855625,6-11,-2.0703586503994096,Kentucky,15851950.0
Seth Curry,Sacramento Kings,-1.2555018172605041,SG,0.5090902956854886,6-2,0.8554885911970974,Duke,947276.0
Duje Dukan,Sacramento Kings,-0.7267208001808527,PF,0.9393243278685448,6-9,-0.016612673806536214,Wisconsin,525093.0
Rudy Gay,Sacramento Kings,1.081727485431526,SF,-1.1618048444405609,6-8,-0.5154117861801236,Connecticut,12403101.0
Kosta Koufos,Sacramento Kings,1.619536295217394,C,1.442167271831832,7-0,-0.6212234699032229,Ohio State,7700000.0
Ben McLemore,Sacramento Kings,-1.1757365108127011,SG,0.23830744478074437,6-5,0.054903732462709715,Kansas,3156600.0
Eric Moreland,Sacramento Kings,-0.3164254682576077,PF,1.128752959045848,6-10,-0.3988815010669785,Oregon State,845059.0
Rajon Rondo,Sacramento Kings,-0.03477693151207078,PG,-1.5472219071794342,6-1,0.7114674773812064,Kentucky,9500000.0
Cameron Bairstow,Chicago Bulls,0.32529398442579016,PF,1.98765378017679,6-9,-0.1867599333821779,New Mexico,845059.0
Aaron Brooks,Chicago Bulls,-1.3434941312559412,PG,-1.7000499848308244,6-0,1.7127744852285276,Oregon,2250000.0
Jimmy Butler,Chicago Bulls,1.0960628071645377,SG,-0.9178032533291541,6-7,-0.8880152036978547,Marquette,16407500.0
Mike Dunleavy,Chicago Bulls,1.4437185128011198,SG,0.44624758818515176,6-9,1.4906534480008302,Duke,4500000.0
Cristiano Felicio,Chicago Bulls,0.03113264897248249,PF,0.8860144641562945,6-10,-1.5723128193499685,,525093.0
Pau Gasol,Chicago Bulls,1.902919419019419,C,-0.37008119414374196,7-0,0.5946041990495288,,7448760.0
Taj Gibson,Chicago Bulls,0.9170012501538078,PF,-0.2751685577561066,6-9,0.2616110201837917,USC,8500000.0
Justin Holiday,Chicago Bulls,-1.3592317473168738,SG,-0.6681552625115293,6-6,0.7977142962799143,Washington,947276.0
Doug McDermott,Chicago Bulls,-0.7865771530189876,SF,-0.225617485837004,6-8,-0.6353298044460219,Creighton,2380440.0
Nikola Mirotic,Chicago Bulls,0.20394917658640221,PF,1.2356893958829624,6-10,0.10387533771957189,,5543725.0
E'Twaun Moore,Chicago Bulls,-0.46776183131626686,SG,1.6310355596441979,6-4,1.4980513045517148,Purdue,1015421.0
Joakim Noah,Chicago Bulls,1.5643553196253805,C,-1.1111026517087461,6-11,-0.20365444826207604,Florida,13400000.0
Bobby Portis,Chicago Bulls,-1.1344041366164233,PF,0.20720387537882376,6-11,-1.1287921829057008,Arkansas,1391160.0
Derrick Rose,Chicago Bulls,0.6374720860968384,PG,-2.6931444543898753,6-3,-0.751071525275834,Memphis,20093064.0
Tony Snell,Chicago Bulls,-1.1528036320419668,SF,0.2703979642128717,6-7,0.19031934003686382,New Mexico,1535880.0
Matthew Dellavedova,Cleveland Cavaliers,-1.2963935716522403,PG,-0.333904140138657,6-4,0.2183912540705514,Saint Mary's,1147276.0
Channing Frye,Cleveland Cavaliers,1.7219074285957194,PF,-0.5753662055393619,6-11,-0.007414255260541261,Arizona,8193029.0
Kyrie Irving,Cleveland Cavaliers,-0.048793144798768465,PG,-2.0795143643206155,6-3,-1.033247578048004,Duke,16407501.0
LeBron James,Cleveland Cavaliers,3.1048285656541816,SF,-1.2938267518226585,6-8,-1.0510024352194989,,22970500.0
Richard Jefferson,Cleveland Cavaliers,0.9844891489984322,SF,0.366769659002836,6-7,1.5135821401845335,Arizona,947276.0
Dahntay Jones,Cleveland Cavaliers,0.9040611919590034,SG,0.5256435931571015,6-6,1.768275697094227,Duke,947276.0
James Jones,Cleveland Cavaliers,0.2960626195845429,SG,-0.9172549110341922,6-8,1.4064906421327654,Miami (FL),947276.0
Sasha Kaun,Cleveland Cavaliers,0.9362494512468608,C,0.502588234910255,6-11,0.13609392871197637,Kansas,1276000.0
Kevin Love,Cleveland Cavaliers,1.9113543182043586,PF,-1.7992311725053898,6-10,-1.9007182703460985,UCLA,19689000.0
Jordan McRae,Cleveland Cavaliers,-1.7555480217748505,SG,-0.331412109273549,6-5,0.7214429525797768,Tennessee,111196.0
Timofey Mozgov,Cleveland Cavaliers,1.480814530758663,C,0.7667778133349238,7-1,-0.6411227058905212,,4950000.0
Iman Shumpert,Cleveland Cavaliers,-0.06734154463406532,SG,-0.9396050125866788,6-5,-0.8220484623521578,Georgia Tech,8988765.0
J.R. Smith,Cleveland Cavaliers,0.28787104037218303,SG,-0.7273176189757292,6-6,0.21843285935365317,,5000000.0
Tristan Thompson,Cleveland Cavaliers,1.0125135692418807,C,-0.7595128608707525,6-9,-1.3831112738549771,Texas,14260870.0
Mo Williams,Cleveland Cavaliers,0.5221012718933282,PG,1.1479249925764332,6-1,2.2415543442980663,Alabama,2100000.0
Joel Anthony,Detroit Pistons,1.5579460364836544,C,1.7122055358105661,6-9,1.2845721699195796,UNLV,2500000.0
Aron Baynes,Detroit Pistons,1.1882822285595034,C,0.02807539869281801,6-10,-0.6015563791301757,Washington State,6500000.0
Steve Blake,Detroit Pistons,-0.12304656089702859,PG,-0.8011166865361992,6-3,2.721626408593007,Maryland,2170465.0
Lorenzo Brown,Detroit Pistons,-1.4587742265102146,PG,0.04731245787867693,6-5,0.6164314665885459,North Carolina State,111444.0
Reggie Bullock,Detroit Pistons,-0.8658742669275721,SF,0.5447407757031364,6-7,0.3679164188450041,North Carolina,1252440.0
Kentavious Caldwell-Pope,Detroit Pistons,-1.2674338664644482,SG,-0.42005084542542087,6-5,-0.4240056788580934,Georgia,2891760.0
Spencer Dinwiddie,Detroit Pistons,-1.5413253945828485,PG,-0.16064613169872818,6-6,-0.13318066729973072,Colorado,845059.0
Andre Drummond,Detroit Pistons,0.1799423687170592,C,0.46410117383989663,6-11,-2.1121517772078384,Connecticut,3272091.0
Tobias Harris,Detroit Pistons,1.1993855388420749,SF,0.11553186775704061,6-9,-1.425111096842633,Tennessee,16000000.0
Darrun Hilliard,Detroit Pistons,-1.4889538034701586,SF,-0.15579665577741583,6-6,-0.24519712697861065,Villanova,600000.0
Reggie Jackson,Detroit Pistons,0.26200851544183634,PG,-1.7815685076918237,6-3,-0.8249563550082066,Boston College,13913044.0
Stanley Johnson,Detroit Pistons,-0.8168847701036711,SF,0.25596931802342476,6-7,-1.7182513753621864,Arizona,2841960.0
Jodie Meeks,Detroit Pistons,0.0700862453024058,SG,-0.26213174492148944,6-4,0.33553420648506616,Kentucky,6270000.0
Marcus Morris,Detroit Pistons,0.11710569046504696,PF,0.019870057956820373,6-9,-0.505015525455726,Kansas,5000000.0
Anthony Tolliver,Detroit Pistons,1.1333872372335283,PF,1.382351425122322,6-8,0.8901359294089067,Creighton,3000000.0
Lavoy Allen,Indiana Pacers,0.4583729020429062,PF,-0.021078515663225054,6-9,-0.7877992621802798,Temple,4050000.0
Rakeem Christmas,Indiana Pacers,-0.03774505789777877,PF,1.2907156947427965,6-9,-0.6387239656423818,Syracuse,1007026.0
Monta Ellis,Indiana Pacers,0.057597814388467894,SG,-1.54575069428188,6-3,0.7081822526626625,,10300000.0
Paul George,Indiana Pacers,1.0442472601212693,SF,-1.3551075462885223,6-9,-1.0748653694238461,Fresno State,17120106.0
George Hill,Indiana Pacers,-0.2405696665931739,PG,-1.6520540870978915,6-3,0.6768408508700434,IUPUI,8000000.0
Jordan Hill,Indiana Pacers,0.49065811640322177,C,0.6467052334545041,6-10,0.1393681681132909,Arizona,4000000.0
Solomon Hill,Indiana Pacers,-0.12008706688203863,SF,1.7077942815458058,6-7,0.3040450859449043,Arizona,1358880.0
Ty Lawson,Indiana Pacers,-1.0413604981106563,PG,-0.3692632450161407,5-11,0.8779060663837962,North Carolina,211744.0
Ian Mahinmi,Indiana Pacers,0.9624006105806904,C,0.8571409349316833,6-11,0.038339230204185615,,4000000.0
C.J. Miles,Indiana Pacers,0.14898936705411428,SF,-0.7544561782050573,6-6,-0.10578622822325161,,4394225.0
Glenn Robinson III,Indiana Pacers,-0.6611039388073466,SG,1.675743151971836,6-7,-0.19110904343453627,Michigan,1100000.0
Rodney Stuckey,Indiana Pacers,0.011271476895113512,PG,-1.3518084405189883,6-5,0.4067616466676572,Eastern Washington,7000000.0
Myles Turner,Indiana Pacers,-0.43974460158848466,PF,1.658097223341966,6-11,-1.1339156913972448,Texas,2357760.0
Shayne Whittington,Indiana Pacers,0.3409910387313365,PF,2.033841026792156,6-11,-0.1696900963819606,Western Michigan,845059.0
Joe Young,Indiana Pacers,-2.0709654958526706,PG,-0.7949923044610553,6-2,0.11658614875690282,Oregon,1007026.0
Giannis Antetokounmpo,Milwaukee Bucks,-0.7955451745450438,SF,1.3748325933828527,6-11,-0.5212114331533165,,1953960.0
Jerryd Bayless,Milwaukee Bucks,-0.6309981184055056,PG,-0.08751244924888735,6-3,0.5721686037700076,Arizona,3000000.0
Michael Carter-Williams,Milwaukee Bucks,-1.5171777710244083,PG,-0.6523545928607382,6-6,0.06369828301632327,Syracuse,2399040.0
Jared Cunningham,Milwaukee Bucks,-1.3668771040860925,SG,-0.3130299513147807,6-4,0.30667884555704655,Oregon State,947276.0
Tyler Ennis,Milwaukee Bucks,-1.7978965369324724,PG,-0.07360098739043906,6-3,-0.36027742789912076,Syracuse,1662360.0
John Henson,Milwaukee Bucks,-0.07285062812290985,PF,1.0157306687363188,6-11,-0.10581337510616151,North Carolina,2943221.0
Damien Inglis,Milwaukee Bucks,-0.6523161187635023,SF,1.0489669486409254,6-8,-1.1906642424364622,,855000.0
O.J. Mayo,Milwaukee Bucks,-0.01769370766442536,SG,-1.2119289508249809,6-5,-0.07674607621584328,USC,8000000.0
Khris Middleton,Milwaukee Bucks,0.9832845119981601,SG,-0.3872673362373715,6-8,-1.351752620616178,Texas A&M,14700000.0
Greg Monroe,Milwaukee Bucks,1.984063322490235,C,-0.5297730393704985,6-11,-1.8469784845588497,Georgetown,16407500.0
Steve Novak,Milwaukee Bucks,0.07389604715186357,SF,-0.34840734830945896,6-10,0.9023623363820541,Marquette,295327.0
Johnny O'Bryant III,Milwaukee Bucks,0.7858696179678798,PF,3.86880189671925,6-9,-0.040317975507010384,LSU,845059.0
Jabari Parker,Milwaukee Bucks,-0.1986740217714832,PF,0.4682428606293816,6-8,-1.6554383091579628,Duke,5152440.0
Miles Plumlee,Milwaukee Bucks,0.3305970313285446,C,0.6753317702417544,6-11,-0.3147220569507826,Duke,2109294.0
Greivis Vasquez,Milwaukee Bucks,0.4013763121996883,PG,-0.20134594992787513,6-6,0.363490377056558,Maryland,6600000.0
Rashad Vaughn,Milwaukee Bucks,-1.7319990926650461,SG,0.5685472773304859,6-6,-0.698743557590086,UNLV,1733040.0
Justin Anderson,Dallas Mavericks,-1.1062068245636985,SG,-0.07008056738921414,6-6,-0.9956689204221816,Virginia,1449000.0
J.J. Barea,Dallas Mavericks,-0.5300203583563272,PG,-1.3084764373495958,6-0,1.1973290657690014,Northeastern,4290000.0
Jeremy Evans,Dallas Mavericks,-0.6675569793897919,SF,0.1281252760491903,6-9,0.907772407263126,Western Kentucky,1100602.0
Raymond Felton,Dallas Mavericks,-0.17574635800834026,PG,-1.1190922090825672,6-1,0.789406294451853,North Carolina,3950313.0
Devin Harris,Dallas Mavericks,0.1580111495004582,PG,-0.06147644129567498,6-3,2.043880861466756,Wisconsin,4053446.0
David Lee,Dallas Mavericks,1.3894829652217284,PF,1.3821320481914112,6-9,1.177254336834207,Florida,2085671.0
Wesley Matthews,Dallas Mavericks,1.5134103942324226,SG,-0.9978370891638321,6-5,-0.3516275955656969,Marquette,16407500.0
JaVale McGee,Dallas Mavericks,0.7209463938862407,C,0.6847259445905305,7-0,-0.6073512742937937,Nevada,1270964.0
Salah Mejri,Dallas Mavericks,0.8389214345574534,C,2.1300008613343344,7-2,0.7542853828295009,,525093.0
Dirk Nowitzki,Dallas Mavericks,2.53507773232746,PF,0.5115855953473314,7-0,1.388925721754648,,8333334.0
Zaza Pachulia,Dallas Mavericks,2.002524552681946,C,0.8938920583455321,6-11,-0.03702941762681655,,5200000.0
Chandler Parsons,Dallas Mavericks,1.3974949861002448,SF,-0.5431821490303094,6-10,-0.7688426219144103,Florida,15361500.0
Dwight Powell,Dallas Mavericks,-0.5553198750392643,PF,0.32694490635374723,6-11,-0.7442072007979877,Stanford,845059.0
Charlie Villanueva,Dallas Mavericks,0.11842008528048244,PF,-0.38806594102487285,6-11,0.5044859678678875,Connecticut,947276.0
Deron Williams,Dallas Mavericks,-0.04281668282303193,PG,-1.051815516772649,6-3,0.8861705515292143,Illinois,5378974.0
Trevor Ariza,Houston Rockets,0.3373262048396769,SF,-1.3637036722391316,6-8,0.11515171857392505,UCLA,8193030.0
Michael Beasley,Houston Rockets,-0.318543491157068,SF,0.17806058273272626,6-10,-0.09171147749069206,Kansas State,306527.0
Patrick Beverley,Houston Rockets,-0.8643608513396197,PG,-1.4261617784782878,6-1,0.32144079684521515,Arkansas,6486486.0
Corey Brewer,Houston Rockets,0.21043168920817246,SG,-0.31782470469384216,6-9,1.2108166788858579,Florida,8229375.0
Clint Capela,Houston Rockets,-0.6458844049819152,PF,0.7735432837020896,6-10,-0.9705449960437688,,1242720.0
Sam Dekker,Houston Rockets,-0.9479393198487182,SF,0.21782217368543652,6-9,-0.9452498435929637,Wisconsin,1646400.0
Andrew Goudelock,Houston Rockets,-1.219004274288769,PG,-0.6986999215129162,6-3,0.44540661089303646,Charleston,200600.0
James Harden,Houston Rockets,0.9030958218784173,SG,-1.2253509783793899,6-5,-0.9786258374301042,Arizona State,15756438.0
Montrezl Harrell,Houston Rockets,-0.3570669392025549,PF,1.7203836572479643,6-8,-0.6120185300316834,Louisville,1000000.0
Dwight Howard,Houston Rockets,3.0676462248442316,C,-1.4645479388775577,6-11,-1.6485710492512233,,22359364.0
Terrence Jones,Houston Rockets,-0.13888452641730292,PF,0.3016562720918472,6-9,-1.1057457685460568,Kentucky,2489530.0
K.J. McDaniels,Houston Rockets,-0.8127643022339072,SG,0.7986461005407517,6-6,0.01584646282662087,Clemson,3189794.0
Donatas Motiejunas,Houston Rockets,-0.46610204705447783,PF,0.4665290849099921,7-0,-0.11411425212120552,,2288205.0
Josh Smith,Houston Rockets,-0.13162096310764074,C,-0.34169035711802603,6-9,0.5044498818692552,,947276.0
Jason Terry,Houston Rockets,0.43266031035780855,SG,-0.1918252169825866,6-2,3.0489661427681156,Arizona,947276.0
Jordan Adams,Memphis Grizzlies,-1.6227590814678754,SG,-0.1968545259529387,6-5,-0.7641597175933994,UCLA,1404600.0
Tony Allen,Memphis Grizzlies,0.6197586296149177,SG,-0.9649061223749181,6-4,1.1735991874186897,Oklahoma State,5158539.0
Chris Andersen,Memphis Grizzlies,1.6563489725642242,PF,-0.7416053630527975,6-10,1.0437980423904683,Blinn College,5000000.0
Matt Barnes,Memphis Grizzlies,1.197590343638844,SF,-0.13348496394319675,6-7,1.596943273146662,UCLA,3542500.0
Vince Carter,Memphis Grizzlies,1.3991726668476645,SG,-0.7697987345384082,6-6,2.05540878092645,North Carolina,4088019.0
Mike Conley,Memphis Grizzlies,-0.4916214246444956,PG,-1.5109156176166543,6-1,0.6139121025464855,Ohio State,9588426.0
Bryce Cotton,Memphis Grizzlies,-2.3201668790862464,PG,-0.6642709787821971,6-1,0.5431941618503864,Providence,700902.0
Jordan Farmar,Memphis Grizzlies,-0.30098938687968285,PG,-1.875454680809294,6-2,0.5238980171168772,UCLA,10194451.0
Marc Gasol,Memphis Grizzlies,3.031163381012818,C,-0.44570988090764285,7-1,-0.7438164305980126,,19688000.0
JaMychal Green,Memphis Grizzlies,-0.8202898053606391,PF,-0.24599077447475023,6-9,-0.4488339625294684,Alabama,845059.0
P.J. Hairston,Memphis Grizzlies,-0.6769807190736804,SF,0.7569387949158106,6-6,-0.5415932058394464,North Carolina,1201440.0
Jarell Martin,Memphis Grizzlies,-0.7474256446700657,PF,0.5289562704270627,6-10,-1.036021444829906,LSU,1230840.0
Ray McCallum,Memphis Grizzlies,-1.3480061607986296,PG,-0.807869320899084,6-3,-0.05164589482156108,Detroit,4033411.6666666665
Xavier Munford,Memphis Grizzlies,-1.1349051066162952,PG,-0.8066680390691012,6-3,0.09453705942361207,Rhode Island,6835983.333333333
Zach Randolph,Memphis Grizzlies,2.7528936909897124,PF,1.1972018584594244,6-9,0.6626768753943482,Michigan State,9638555.0
Lance Stephenson,Memphis Grizzlies,0.1049930657601246,SF,-0.9314238600716505,6-5,-1.0643940410971338,Cincinnati,9000000.0
Alex Stepheson,Memphis Grizzlies,1.7146945059157628,PF,1.2260117360564873,6-10,-0.6183694570625842,USC,7232000.0
Brandan Wright,Memphis Grizzlies,0.20641703101165534,PF,0.4611827104881237,6-10,0.6313945841875048,North Carolina,5464000.0
Alexis Ajinca,New Orleans Pelicans,1.050183336544974,C,1.4945973216782262,7-2,0.12047347188359077,,4389607.0
Ryan Anderson,New Orleans Pelicans,1.1597608089299472,PF,0.5695479389401392,6-10,-0.17096748185486366,California,8500000.0
Omer Asik,New Orleans Pelicans,1.2187462841255365,C,-0.7197107735334894,7-0,-0.8515147299100413,,9213483.0
Luke Babbitt,New Orleans Pelicans,-0.5832638703558801,SF,0.012159785899069818,6-9,-0.12482535141623187,Nevada,1100602.0
Norris Cole,New Orleans Pelicans,-1.0001653909809018,PG,0.04750373332429117,6-2,1.2331886455438457,Cleveland State,3036927.0
Dante Cunningham,New Orleans Pelicans,0.657992820980396,PF,1.4099385171978083,6-8,0.7733030818785195,Villanova,2850000.0
Anthony Davis,New Orleans Pelicans,0.49533436519730706,PF,0.7231769687545392,6-10,-1.3253225324831603,Kentucky,7070730.0
Bryce Dejean-Jones,New Orleans Pelicans,-1.1847008479857029,SG,1.0102488779157426,6-6,0.2499725172898072,Iowa State,169883.0
Toney Douglas,New Orleans Pelicans,-0.5912203067146398,PG,-0.2977699350716101,6-2,1.2478919584720098,Florida State,1164858.0
James Ennis,New Orleans Pelicans,-1.1285484392429554,SF,-0.3125220722813863,6-7,-0.05697122784827141,Long Beach State,845059.0
Tyreke Evans,New Orleans Pelicans,0.19492603256637708,SG,-1.3017556183226742,6-6,-0.829051600568281,Memphis,10734586.0
Tim Frazier,New Orleans Pelicans,-2.032993962217582,PG,-0.9961442932017621,6-1,0.6702617726932415,Penn State,845059.0
Alonzo Gee,New Orleans Pelicans,-0.06472142024120987,SF,0.14218589104803667,6-6,0.4814276429915435,Alabama,1320000.0
Eric Gordon,New Orleans Pelicans,0.850433169528855,SG,-1.4722224687365295,6-4,-0.7501401497294629,Indiana,15514031.0
Jordan Hamilton,New Orleans Pelicans,-0.5630135040402884,SG,0.7890116498018248,6-7,0.09912904941446748,Texas,1015421.0
Jrue Holiday,New Orleans Pelicans,-0.11854474424387706,PG,-0.9908978773339876,6-4,-0.5304390916017822,UCLA,10595507.0
Orlando Johnson,New Orleans Pelicans,-0.7974746937813454,SG,-0.3892905379920881,6-5,0.07494489641601937,UC Santa Barbara,55722.0
Kendrick Perkins,New Orleans Pelicans,0.9792130375369317,C,0.2659938935110208,6-10,-0.1846783989465282,,947276.0
Quincy Pondexter,New Orleans Pelicans,-0.010581511168893956,SF,0.16047873306969518,6-7,0.34900718290005417,Washington,3382023.0
LaMarcus Aldridge,San Antonio Spurs,2.2455833093777344,PF,-1.5799856673010628,6-11,-0.9842548067127319,Texas,19689000.0
Kyle Anderson,San Antonio Spurs,-1.0942403227969835,SF,-0.011390064360252779,6-9,-1.012133435306625,UCLA,1142880.0
Matt Bonner,San Antonio Spurs,1.0155193904522897,C,-0.07682261717277641,6-10,1.4893009514993878,Florida,947276.0
Boris Diaw,San Antonio Spurs,2.046421966123747,C,0.4676958216579016,6-8,0.7137592372512546,,7500000.0
Tim Duncan,San Antonio Spurs,2.3970698014217726,C,-0.21727442577342362,6-11,1.672208605337951,Wake Forest,5250000.0
Manu Ginobili,San Antonio Spurs,0.8897405075212697,SG,-0.581884724651883,6-6,2.348769382558404,,2814000.0
Danny Green,San Antonio Spurs,0.47112262311336156,SG,-0.8202684899470921,6-6,-0.12529749248751396,North Carolina,10000000.0
Kawhi Leonard,San Antonio Spurs,0.7587793099788468,SF,-1.5326101210550855,6-7,-1.7375172314252862,San Diego State,16407500.0
Boban Marjanovic,San Antonio Spurs,1.4766901283697138,C,2.3840018130425986,7-3,-0.6554201018841246,,1200000.0
Kevin Martin,San Antonio Spurs,-0.1078913537067084,SG,0.0040088993174357,6-7,1.86154304702503,Western Carolina,200600.0
Andre Miller,San Antonio Spurs,0.8353810613206382,PG,-0.3420806653652269,6-3,3.027951126392223,Utah,250750.0
Patty Mills,San Antonio Spurs,-1.0711339718445885,PG,-0.8723783773815063,6-0,0.6290565328660258,Saint Mary's,3578947.0
Tony Parker,San Antonio Spurs,0.8655667434819859,PG,-2.166544270105682,6-2,1.1222805047251352,,13437500.0
Jonathon Simmons,San Antonio Spurs,-1.1563491039367828,SG,0.039170392480619286,6-6,0.6404486708680405,Houston,525093.0
David West,San Antonio Spurs,1.5068458902935558,PF,0.8426576514180779,6-9,1.2534671978413,Xavier,1499187.0
Kent Bazemore,Atlanta Hawks,-0.7628463743149514,SF,0.3108270289681554,6-5,0.5416415133417968,Old Dominion,2000000.0
Tim Hardaway Jr.,Atlanta Hawks,-1.224590510331944,SG,-0.09555402837842136,6-6,-0.05922260913658604,Michigan,1304520.0
Kirk Hinrich,Atlanta Hawks,0.05505395850032082,SG,-1.0045878142024534,6-4,1.9925882050207369,Kansas,2854940.0
Al Horford,Atlanta Hawks,1.6059278637840886,C,-0.6358895514604394,6-10,-0.4855732442622597,Florida,12000000.0
Kris Humphries,Atlanta Hawks,0.8172385038167505,PF,1.4987506770134562,6-9,1.126455552682968,Minnesota,1000000.0
Kyle Korver,Atlanta Hawks,1.054290304563188,SG,-0.3079175910197974,6-7,1.608743422317852,Creighton,5746479.0
Paul Millsap,Atlanta Hawks,2.2743121497057635,PF,-1.8214632737747862,6-8,-0.9958055823019254,Louisiana Tech,18671659.0
Mike Muscala,Atlanta Hawks,-0.1680102276906969,PF,1.4257126108959184,6-11,-0.3417449773417709,Bucknell,947276.0
Lamar Patterson,Atlanta Hawks,-0.8216510793575127,SG,0.4127960878299959,6-5,-0.3336921391271049,Pittsburgh,525093.0
Dennis Schroder,Atlanta Hawks,-2.044782815183031,PG,-0.1887474205552525,6-1,0.3211817442160891,,1763400.0
Mike Scott,Atlanta Hawks,0.41513899578686925,PF,1.028108400272601,6-8,0.06628211118681823,Virginia,3333333.0
Thabo Sefolosha,Atlanta Hawks,0.6464743653481938,SF,0.10273507025294355,6-7,1.0604071592417175,,4000000.0
Tiago Splitter,Atlanta Hawks,1.4395432651816895,C,-0.6646093146656116,6-11,-0.22808615801510226,,9756250.0
Walter Tavares,Atlanta Hawks,0.13269938097830483,C,1.3006344290494256,7-3,-0.8797807922176671,,1000000.0
Jeff Teague,Atlanta Hawks,-0.7172668786847815,PG,-1.6477698842630615,6-2,0.16145203946476563,Wake Forest,8000000.0
Nicolas Batum,Charlotte Hornets,0.19729990973527314,SG,-1.6975831839398097,6-8,-0.38139265709935416,,13125306.0
Troy Daniels,Charlotte Hornets,-0.9476272695643349,SG,0.8621836025521139,6-4,0.30738627588221595,Virginia Commonwealth,947276.0
Jorge Gutierrez,Charlotte Hornets,-1.271882365513333,PG,-0.3059856114166974,6-3,0.860408687841764,California,189455.0
Tyler Hansbrough,Charlotte Hornets,1.1204036146191503,PF,2.1062655703794597,6-9,0.7967346252903176,North Carolina,947276.0
Aaron Harrison,Charlotte Hornets,-1.597787055422815,SG,0.17873753255032576,6-6,-0.6187046683064671,Kentucky,525093.0
Spencer Hawes,Charlotte Hornets,0.5035072815240775,PF,-0.6533137332608814,7-1,-0.6607741801436414,Washington,6110034.0
Al Jefferson,Charlotte Hornets,3.007169102091037,C,0.2761570587407687,6-10,-1.0908298674295593,,13500000.0
Frank Kaminsky III,Charlotte Hornets,0.07976748266947739,C,1.925163948818825,7-0,-0.4047760368747407,Wisconsin,2612520.0
Michael Kidd-Gilchrist,Charlotte Hornets,-0.30946891419662476,SF,0.12490493294793689,6-7,-1.194469181869792,Kentucky,6331404.0
Jeremy Lamb,Charlotte Hornets,-1.591942602844222,SG,-0.8790870269452138,6-5,0.07989338957484597,Connecticut,3034356.0
Courtney Lee,Charlotte Hornets,-0.2507059698425094,SG,-1.3458244462683844,6-5,0.5783739697937439,Western Kentucky,5675000.0
Jeremy Lin,Charlotte Hornets,-0.9084837205725462,PG,-0.5598330123478437,6-3,0.4280947905380945,Harvard,2139000.0
Kemba Walker,Charlotte Hornets,-0.2400801810626893,PG,-1.3076645640999345,6-1,0.0058561722385795,Connecticut,12000000.0
Marvin Williams,Charlotte Hornets,0.5810614489003428,PF,-0.8213408153454699,6-9,-0.3697524710098087,North Carolina,7000000.0
Cody Zeller,Charlotte Hornets,0.18173191874881636,C,1.588962457781756,7-0,-0.585386640198606,Indiana,4204200.0
Chris Bosh,Miami Heat,2.480244324745997,PF,-2.5151266736216167,6-11,-0.9187177630976145,Georgia Tech,22192730.0
Luol Deng,Miami Heat,0.903415410783601,SF,-1.164133363472639,6-9,0.18572980408425654,Duke,10151612.0
Goran Dragic,Miami Heat,0.5679703167534492,PG,-2.083162860598157,6-3,0.2283479910234635,,14783000.0
Gerald Green,Miami Heat,-0.42687318153949083,SF,-0.22162900142455666,6-7,1.0387647521421852,,947276.0
Udonis Haslem,Miami Heat,1.6054054797001893,PF,0.8963393416568337,6-8,1.7814153602110385,Florida,2854940.0
Joe Johnson,Miami Heat,0.5923438244810628,SF,-0.4231960857566829,6-7,0.8857596927089831,Arkansas,261894.0
Tyler Johnson,Miami Heat,-1.7182422301244877,SG,-0.42505227941190693,6-4,0.30071574683385877,Fresno State,845059.0
Josh McRoberts,Miami Heat,0.5271973494887073,PF,-0.5460543769740568,6-10,-0.28994056738446417,Duke,5543725.0
Josh Richardson,Miami Heat,-1.8286722382780174,SG,-0.4422290619321799,6-6,-0.41457405462902835,Tennessee,525093.0
Amar'e Stoudemire,Miami Heat,0.6908582225309181,PF,-0.21847482233861326,6-10,0.6260114787300046,,947276.0
Dwyane Wade,Miami Heat,2.214579942568059,SG,-2.5507649841474276,6-4,-0.10948161032579085,Marquette,20000000.0
Briante Weber,Miami Heat,-1.2440525459255762,PG,-1.4110443389131029,6-2,-0.07943004996347877,Virginia Commonwealth,10490674.0
Hassan Whiteside,Miami Heat,0.4815054290378446,C,1.21518904881335,7-0,-0.6558739108365059,Marshall,981348.0
Justise Winslow,Miami Heat,-1.0238485113597862,SF,0.7798064224793834,6-7,-1.021954224310706,Duke,2481720.0
Dorell Wright,Miami Heat,-0.3945502284458124,SF,-0.4331939161962079,6-9,0.933409300769461,,1714498.0
Dewayne Dedmon,Orlando Magic,-0.2410940024793563,C,0.09143678558327725,7-0,-0.5800400415777841,USC,947276.0
Evan Fournier,Orlando Magic,-1.2514217601856372,SG,-0.13168477946815765,6-7,-0.2960611915308665,,2288205.0
Aaron Gordon,Orlando Magic,-1.2719955405172567,PF,-0.37864857877000674,6-9,-1.3874466499546183,Arizona,4171680.0
Mario Hezonja,Orlando Magic,-0.8704941253765209,SG,0.6375609163371578,6-8,-0.758994843999111,,3741480.0
Ersan Ilyasova,Orlando Magic,0.7090519376894988,PF,-0.7056043166866761,6-10,-0.3098512698119676,,7900000.0
Brandon Jennings,Orlando Magic,-0.31796848193027005,PG,0.6659380500185188,6-1,1.2321479451249715,,8344497.0
Devyn Marble,Orlando Magic,-1.4942342316662096,SF,-0.022084391852631044,6-6,-0.08197115629907864,Iowa,845059.0
Shabazz Napier,Orlando Magic,-1.8333312754133269,PG,-0.3994689460015818,6-1,0.5637277938868666,Connecticut,1294440.0
Andrew Nicholson,Orlando Magic,0.6599773632807697,PF,1.9226360108062468,6-9,-0.07650325076299341,St. Bonaventure,2380593.0
Victor Oladipo,Orlando Magic,-0.7915027109923566,SG,-0.6225376389989932,6-4,-0.5141351661864979,Indiana,5192520.0
Elfrid Payton,Orlando Magic,-1.8882662679614088,PG,-0.6676597997139468,6-4,-0.20056076215189614,Louisiana-Lafayette,2505720.0
Jason Smith,Orlando Magic,0.684082752190957,PF,-0.02330767530550204,7-0,0.13594845303709,Colorado State,4300000.0
Nikola Vucevic,Orlando Magic,1.118252530926148,C,-0.3325834614653739,7-0,-1.6576563948277132,USC,11250000.0
C.J. Watson,Orlando Magic,-0.12232044236128932,PG,-0.33426050601651625,6-2,1.9658662576247712,Tennessee,5000000.0
Alan Anderson,Washington Wizards,0.4768814930284119,SG,-0.8322920584608084,6-6,0.9034962342814961,Michigan State,4000000.0
Bradley Beal,Washington Wizards,-1.0937007103573437,SG,-0.6920980889455536,6-5,-0.8614428718611372,Florida,5694674.0
Jared Dudley,Washington Wizards,0.1603899148308304,SF,-0.8525962248583359,6-7,0.1942622735266332,Boston College,4375000.0
Jarell Eddie,Washington Wizards,-1.0491295509886658,SG,0.07490672841077634,6-7,-0.2883857383986993,Virginia Tech,561716.0
Drew Gooden,Washington Wizards,2.5064177176350793,PF,3.500009836223662,6-10,1.9831508280719097,Kansas,3300000.0
Marcin Gortat,Washington Wizards,1.6416978436899408,C,-0.8426416085768816,6-11,-0.03447751504735305,,11217391.0
JJ Hickson,Washington Wizards,0.034835811037931076,C,0.8851497067984969,6-9,-0.0006803611944035619,North Carolina State,273038.0
Nene Hilario,Washington Wizards,2.62834188859674,C,0.41751113512406146,6-11,0.3118146850794289,,13000000.0
Markieff Morris,Washington Wizards,0.5203180695435641,PF,-0.48727380982220425,6-10,-1.043639448527428,Kansas,8000000.0
Kelly Oubre Jr.,Washington Wizards,-1.6440686916467968,SF,0.16811087257150134,6-7,-0.7382006825848744,Kansas,1920240.0
Otto Porter Jr.,Washington Wizards,-0.9700334140399246,SF,0.0931296937600766,6-8,-0.12557893510927304,Georgetown,4662960.0
Ramon Sessions,Washington Wizards,-0.7375361959302171,PG,-0.8830472501755262,6-3,1.1184652817824245,Nevada,2170465.0
Garrett Temple,Washington Wizards,-0.5821743044362238,SG,-0.24546856241708445,6-6,1.2694965996678158,LSU,1100602.0
Marcus Thornton,Washington Wizards,-0.6171147139389384,SF,-0.04692414236483089,6-4,0.9411145376663684,LSU,200600.0
John Wall,Washington Wizards,0.06600624954961114,PG,-2.0545592939163937,6-4,-0.8646927666360833,Kentucky,15851950.0
Darrell Arthur,Denver Nuggets,-0.05592361267298018,PF,-0.48749943097393283,6-9,-0.23781664379148046,Kansas,2814000.0
D.J. Augustin,Denver Nuggets,-0.9832731901632339,PG,-0.7195729028463494,6-0,0.9436791094927218,Texas,3000000.0
Will Barton,Denver Nuggets,-1.5985117510354183,SF,-1.03947287200285,6-6,0.43657739773752197,Memphis,3533333.0
Wilson Chandler,Denver Nuggets,0.9744367384553063,SF,-0.4493804729894841,6-8,-0.06045447024379654,DePaul,10449438.0
Kenneth Faried,Denver Nuggets,0.9551321918293737,PF,0.3391537437529844,6-8,-0.4363353030410263,Morehead State,11235955.0
Danilo Gallinari,Denver Nuggets,0.8805866046280417,SF,-1.272721030399752,6-10,-0.867771739080848,,14000000.0
Gary Harris,Denver Nuggets,-1.4096460621902551,SG,0.308870328714686,6-4,-0.6081206820782886,Michigan State,1584480.0
Nikola Jokic,Denver Nuggets,-0.5503437352149941,C,0.9733743172070128,6-10,-1.332346622558872,,1300000.0
Joffrey Lauvergne,Denver Nuggets,0.19644801133881096,C,3.1821536507504233,6-11,0.770345194806214,,1709719.0
Mike Miller,Denver Nuggets,0.45610788768123284,SG,-0.8823498608252639,6-8,1.6080462941771076,Florida,947276.0
Emmanuel Mudiay,Denver Nuggets,-1.8192175418955843,PG,-0.5725124365248258,6-5,-0.9312856332929226,,3102240.0
Jameer Nelson,Denver Nuggets,-0.09203069439419179,PG,-1.596961180406202,6-0,1.532244496510813,Saint Joseph's,4345000.0
Jusuf Nurkic,Denver Nuggets,0.28612295009640815,C,1.7347353718591878,7-0,-1.8050685510207567,,1842000.0
JaKarr Sampson,Denver Nuggets,-1.2807754160225042,SG,0.1482914854258365,6-9,-0.3411946637838914,St. John's,258489.0
Axel Toupane,Denver Nuggets,-1.224120002475411,SG,-0.22502352603035677,6-7,-0.4465293272262772,,2104245.0
Nemanja Bjelica,Minnesota Timberwolves,1.5521345266801065,PF,3.5427907782467187,6-10,1.0889852712086932,,3950001.0
Gorgui Dieng,Minnesota Timberwolves,-0.2424389995907521,C,0.07452547611308877,6-11,-0.5069671825273389,Louisville,1474440.0
Kevin Garnett,Minnesota Timberwolves,2.5152100710905603,PF,-0.6743323367058871,6-11,1.6331862106694215,,8500000.0
Tyus Jones,Minnesota Timberwolves,-2.1010542247954254,PG,-0.4270381832076081,6-2,-0.6905882046815963,Duke,1282080.0
Zach LaVine,Minnesota Timberwolves,-1.9038139211355682,PG,-0.33231286113586045,6-5,-0.3506143280484143,UCLA,2148360.0
Shabazz Muhammad,Minnesota Timberwolves,-0.8040033510752737,SF,0.38732030222450015,6-6,-0.5370069979786504,UCLA,2056920.0
Adreian Payne,Minnesota Timberwolves,0.029191638640067297,PF,1.3219241800108548,6-10,-0.15306503175662367,Michigan State,1938840.0
Nikola Pekovic,Minnesota Timberwolves,2.9538113670730857,C,0.2248419189505268,6-11,-1.6898281287503114,,12100000.0
Tayshaun Prince,Minnesota Timberwolves,0.46642366427661924,SF,-0.555351800440419,6-9,1.8758807283603558,Kentucky,947276.0
Ricky Rubio,Minnesota Timberwolves,-0.17219475547321342,PG,-1.4461134950962335,6-4,-0.5037238100768304,,12700000.0
Damjan Rudez,Minnesota Timberwolves,-0.05172349036296854,SF,0.0013791437543255532,6-9,0.31293974399373947,,1149500.0
Greg Smith,Minnesota Timberwolves,0.01170963206418746,PF,0.03309005183883078,6-10,-1.0005300985069108,Fresno State,3426550.0
Karl-Anthony Towns,Minnesota Timberwolves,-0.08729197794197725,C,1.3083257648693047,7-0,-1.4061492225918137,Kentucky,5703600.0
Andrew Wiggins,Minnesota Timberwolves,-1.092092946046466,SG,0.11858915634334101,6-8,-0.5567745726832454,Kansas,5758680.0
Steven Adams,Oklahoma City Thunder,-0.2583131999133176,C,0.7580908900572407,7-0,-1.3804065278632565,Pittsburgh,2279040.0
Nick Collison,Oklahoma City Thunder,1.4408325276289387,PF,-0.4984755237751648,6-10,0.5556309310142122,Kansas,3750000.0
Kevin Durant,Oklahoma City Thunder,2.269272020733569,SF,-0.3899564245913674,6-9,-1.1270396020148283,Texas,20158622.0
Randy Foye,Oklahoma City Thunder,0.10591135091546822,SG,-0.7959839610635561,6-4,0.9303670011310365,Villanova,3135000.0
Josh Huestis,Oklahoma City Thunder,-0.3192084745875016,SF,1.3981013907907751,6-7,-0.11381054280021541,Stanford,1140240.0
Serge Ibaka,Oklahoma City Thunder,1.0230180633360884,PF,-0.7069234112969636,6-10,-1.275299683308734,,12250000.0
Enes Kanter,Oklahoma City Thunder,1.2274470791150884,C,-0.8952070036331774,6-11,-1.8694034513765605,Kentucky,16407500.0
Mitch McGary,Oklahoma City Thunder,0.2441641983728441,PF,1.6907287118200693,6-10,-0.6295195948766998,Michigan,1463040.0
Nazr Mohammed,Oklahoma City Thunder,1.493841454844309,C,0.006509309511312917,6-10,1.5556014534552831,Kentucky,222888.0
Anthony Morrow,Oklahoma City Thunder,-0.25802473281324706,SG,-0.9300245363237055,6-5,0.5696086775620627,Georgia Tech,3344000.0
Cameron Payne,Oklahoma City Thunder,-1.7844893398801986,PG,0.2672529756264907,6-3,-0.026547733960567352,Murray State,2021520.0
Andre Roberson,Oklahoma City Thunder,-0.9524923171637691,SG,0.49532935286036783,6-7,0.039988210653554165,Colorado,1210800.0
Kyle Singler,Oklahoma City Thunder,0.044293250822919183,SF,-0.5204588488923145,6-8,-0.13821503758572895,Duke,4500000.0
Dion Waiters,Oklahoma City Thunder,-0.6102327490701399,SG,-0.561953395690497,6-4,-0.7348006601088459,Syracuse,5138430.0
Russell Westbrook,Oklahoma City Thunder,0.49340334577735806,PG,-2.2728683352908616,6-3,-0.7221430080781837,UCLA,16744218.0
Cliff Alexander,Portland Trail Blazers,-0.6792232964971056,PF,1.8343239367235054,6-8,-0.9304042272514023,Kansas,525093.0
Al-Farouq Aminu,Portland Trail Blazers,-0.21159048411428338,SF,-0.7387599938814252,6-9,-0.5918436822297389,Wake Forest,8042895.0
Pat Connaughton,Portland Trail Blazers,-1.480227229779092,SG,-0.18959037361632486,6-5,-0.28307219471314204,Notre Dame,625093.0
Allen Crabbe,Portland Trail Blazers,-0.9483752229077171,SG,0.6127788422057593,6-6,0.0927258325629512,California,947276.0
Ed Davis,Portland Trail Blazers,0.6227066414633491,C,0.03257708929151036,6-10,-0.5042849426590685,North Carolina,6980802.0
Maurice Harkless,Portland Trail Blazers,-1.0646301007851502,SF,-0.3186449159662966,6-9,-0.631580934164578,St. John's,2894059.0
Gerald Henderson,Portland Trail Blazers,-0.021397261657041988,SG,-0.6705942873192411,6-5,0.07164940042403502,Duke,6000000.0
Chris Kaman,Portland Trail Blazers,2.148094860297465,C,1.0181472933448557,7-0,0.6376900226822056,Central Michigan,5016000.0
Meyers Leonard,Portland Trail Blazers,-0.15249095353447964,PF,0.3733314205791283,7-1,-0.9285374418211478,Illinois,3075880.0
Damian Lillard,Portland Trail Blazers,-1.1677094935020356,PG,-1.0416731482899433,6-3,-0.07906841382278823,Weber State,4236287.0
C.J. McCollum,Portland Trail Blazers,-1.317254514689076,SG,-0.608917801206827,6-4,-0.1696853549561838,Lehigh,2525160.0
Luis Montero,Portland Trail Blazers,-1.3367449697347087,SG,1.3108224482384923,6-7,0.7894295043776721,Westchester CC,525093.0
Mason Plumlee,Portland Trail Blazers,-0.08125140979296729,C,0.8690023943695209,6-11,-0.06427615711426442,Duke,1415520.0
Brian Roberts,Portland Trail Blazers,-1.1162192330876308,PG,-1.430393349515194,6-1,1.3083933314793528,Dayton,2854940.0
Noah Vonleh,Portland Trail Blazers,-0.6646098267514504,PF,1.0328677599858833,6-9,-1.3014086873023119,Indiana,2637720.0
Trevor Booker,Utah Jazz,0.5122756510386488,PF,0.7466170888832291,6-8,0.32033254306386255,Clemson,4775000.0
Trey Burke,Utah Jazz,-1.6285673108238847,PG,-0.6971420061110886,6-1,-0.17518447174030669,Michigan,2658240.0
Alec Burks,Utah Jazz,-0.18363056604992795,SG,-0.7388700003829506,6-6,-0.8063423451661216,Colorado,9463484.0
Dante Exum,Utah Jazz,-1.7948947729871685,PG,-0.27653833995566324,6-6,-0.6008455963321518,,3777720.0
Derrick Favors,Utah Jazz,1.270546614052271,PF,0.004550970515201778,6-10,-1.8707554497966796,Georgia Tech,12000000.0
Rudy Gobert,Utah Jazz,-0.22665568542160586,C,1.350586766406506,7-1,-0.6887453908530765,,1175880.0
Gordon Hayward,Utah Jazz,1.1080290746152064,SF,-0.7803476977653805,6-8,-0.9488630106215251,Butler,15409570.0
Rodney Hood,Utah Jazz,-1.4053545559327802,SG,-0.25841872782524317,6-8,-0.33412169998060987,Duke,1348440.0
Joe Ingles,Utah Jazz,-0.300046683423033,SF,-0.4554590832537777,6-8,0.02155043286220573,,2050000.0
Chris Johnson,Utah Jazz,-0.7748512985372746,SF,0.4354731437018561,6-6,0.5012904581133015,Dayton,981348.0
Trey Lyles,Utah Jazz,-0.5228146161204359,PF,1.9057886592836526,6-10,-0.8177232322859243,Kentucky,2239800.0
Shelvin Mack,Utah Jazz,-0.9254929572204436,PG,-0.43983929597701804,6-3,0.1998734360286931,Butler,2433333.0
Raul Neto,Utah Jazz,-1.598489435522278,PG,0.25143478121661006,6-1,0.7202657866782447,,900000.0
Tibor Pleiss,Utah Jazz,0.48366594549786934,C,0.8995935666617663,7-3,-0.6199720426843762,,2900000.0
Jeff Withey,Utah Jazz,-0.21702385709012104,C,0.854432259814582,7-0,0.04490697151646139,Kansas,947276.0
,,-0.21702385709012104,,0.854432259814582,,0.04490697151646139,,947276.0
