Name,Team,x,Position,y,Height,z,College,Salary,cluster
Avery Bradley,Boston Celtics,0.4018257746256167,PG,-1.7588522285103394,6-2,0.10258216789169082,Texas,0.5588067775633135,0.5235508450295214
Jae Crowder,Boston Celtics,-0.5901966735179638,SF,3.5707218194093553,6-6,0.03318877087215169,Marquette,0.3787902204833014,-1.7314926066023362
John Holland,Boston Celtics,-0.4075894681321171,SG,0.14860370693877203,6-5,0.4346309190325675,Boston University,-0.1653211053974095,-0.9798114560583836
R.J. Hunter,Boston Celtics,-1.1159289460275332,SG,-0.5705493631729258,6-5,-0.22832561866259005,Georgia State,-0.7094324312781204,0.5235508450295214
Jonas Jerebko,Boston Celtics,0.25354187018241053,PF,-0.10502595053185942,6-10,0.18031884913465088,,0.0326931572081841,-0.9798114560583836
Amir Johnson,Boston Celtics,0.5453558599962695,PF,3.4425895772301747,6-9,0.5990301025467011,,1.3815359346696865,-1.7314926066023362
Jordan Mickey,Boston Celtics,-1.125660807500724,PF,1.6200343080281696,6-8,-1.0845514363922486,LSU,-0.7051315497362717,1.275231995573474
Kelly Olynyk,Boston Celtics,-0.6781623523032976,C,1.2682238957795486,7-0,-0.43565402430015016,Gonzaga,-0.513557336971668,1.275231995573474
Terry Rozier,Boston Celtics,-0.7712673031419713,PG,-1.1255675919910855,6-2,-0.47427610006957105,Louisville,-0.579226711051508,0.5235508450295214
Marcus Smart,Boston Celtics,-0.580401057745766,PG,0.5260862424105098,6-4,-0.826077061161738,Oklahoma State,-0.26963260909553,1.275231995573474
Jared Sullinger,Boston Celtics,-0.07119241686131016,C,0.3075638451306716,6-9,-1.3490345597747415,Ohio State,-0.43569057034706904,1.275231995573474
Isaiah Thomas,Boston Celtics,0.28649413278972446,PG,-1.3928194405403402,5-9,0.4920446835886236,Washington,0.40128737647675644,-0.9798114560583836
Evan Turner,Boston Celtics,-0.1734311624610633,SG,-0.2994177603329877,6-7,0.011844928452260515,Ohio State,-0.2706981948897246,0.5235508450295214
James Young,Boston Celtics,-0.671860816703369,SG,-0.6096439589125455,6-6,-1.3302263075086649,Kentucky,-0.5935861058767126,0.5235508450295214
Tyler Zeller,Boston Celtics,-0.5142035856881306,C,1.765747389837301,7-0,-0.47196411122428156,North Carolina,-0.4264962799004154,-1.7314926066023362
Bojan Bogdanovic,Brooklyn Nets,-0.5987943039635447,SG,0.9768956843730181,6-8,0.37691502154799683,,-0.2706981948897246,-1.7314926066023362
Markel Brown,Brooklyn Nets,-1.0207165808662677,SG,-0.6217124799818174,6-3,0.06068516604289299,Oklahoma State,-0.7679300083101976,0.5235508450295214
Wayne Ellington,Brooklyn Nets,-0.7427874964579966,SG,-0.27720466486965767,6-4,0.7091483451228742,North Carolina,-0.6417282315225671,-0.9798114560583836
Rondae Hollis-Jefferson,Brooklyn Nets,-0.8225490322838167,SG,0.0015915355192988136,6-7,-1.099322374103961,Arizona,-0.6734298906294194,1.275231995573474
Jarrett Jack,Brooklyn Nets,0.40967169245383644,PG,-0.9279917707771188,6-3,1.2830939453810128,Georgia Tech,0.28319253016532026,-0.9798114560583836
Sergey Karasev,Brooklyn Nets,-0.6661680092419403,SG,-0.80534691514592,6-7,-0.8055723019721065,,-0.622489879679459,0.5235508450295214
Sean Kilpatrick,Brooklyn Nets,-0.7156220990244069,SG,-0.5486534813164012,6-4,-0.15507134979436593,Cincinnati,-0.904903836210461,0.5235508450295214
Shane Larkin,Brooklyn Nets,-0.7618759821150104,PG,-1.9127701199005478,5-11,-0.09672070125585608,Miami (FL),-0.6417282315225671,0.5235508450295214
Brook Lopez,Brooklyn Nets,3.054842660477867,C,0.8616429230018932,7-0,-1.1053172694931443,Stanford,2.863143379798471,-0.2281303055144311
Chris McCullough,Brooklyn Nets,-0.7122790243585981,PF,-1.39496066435548,6-11,-0.9464185800556747,Syracuse,-0.7110510426110742,0.5235508450295214
Willie Reed,Brooklyn Nets,-0.8931480711065629,PF,0.5855321408465071,6-10,0.05022537686039373,Saint Louis,-0.7482336279982287,1.275231995573474
Thomas Robinson,Brooklyn Nets,-0.8915581003563102,PF,1.253745163198494,6-10,-0.3920176324763496,Kansas,-0.7416682321248474,1.275231995573474
Henry Sims,Brooklyn Nets,-0.4767229987887959,C,0.42386445077857243,6-10,-0.6144888745164709,Georgetown,-0.7482336279982287,1.275231995573474
Donald Sloan,Brooklyn Nets,-0.7334481083138059,PG,-0.41030280000058583,6-3,0.5793123530704564,Texas A&M,-0.7482336279982287,0.5235508450295214
Thaddeus Young,Brooklyn Nets,0.9675945471292936,PF,0.45746694983460306,6-8,-0.007587812904639486,Georgia Tech,1.2343107089688903,-0.2281303055144311
Arron Afflalo,New York Knicks,0.7067496604984849,SG,-0.7170002575550631,6-5,0.6624825575592158,UCLA,0.6107686332631137,-0.9798114560583836
Lou Amundson,New York Knicks,-0.4313966447195928,PF,0.21144240917157614,6-9,1.3775178116299431,UNLV,-0.6156231137912278,-0.9798114560583836
Thanasis Antetokounmpo,New York Knicks,-1.3376485184302869,SF,0.5454358533721327,6-7,-0.21164535132187554,,-0.9248141044485703,1.275231995573474
Carmelo Anthony,New York Knicks,3.5106351005142447,SF,0.061537540043821295,6-8,0.25686015687364017,Syracuse,3.4770595353688063,-0.2281303055144311
Jose Calderon,New York Knicks,0.6325343631029395,PG,-0.8103208183513494,6-3,1.6921474497959519,,0.49569538746501657,-0.9798114560583836
Cleanthony Early,New York Knicks,-0.7331514496598374,SF,-0.5889929990619147,6-8,-0.17902284430057708,Wichita State,-0.7679300083101976,0.5235508450295214
Langston Galloway,New York Knicks,-0.7123549883717396,SG,-1.2262559906636639,6-2,-0.2945677788741336,Saint Joseph's,-0.7679300083101976,0.5235508450295214
Jerian Grant,New York Knicks,-0.7727962901191195,PG,-0.9292039330834999,6-4,-0.33611858868990796,Notre Dame,-0.6277850510401222,0.5235508450295214
Robin Lopez,New York Knicks,1.7284184228766777,C,0.3379340719634461,7-0,-0.6240262950724499,Stanford,1.5067856211482544,-0.2281303055144311
Kyle O'Quinn,New York Knicks,0.08645076339002168,PF,0.2430461079550442,6-10,-0.7558926315942491,Norfolk State,-0.2081716244813699,1.275231995573474
Kristaps Porzingis,New York Knicks,-0.004497096192454168,PF,-0.3574169966979907,7-3,-1.887061841779048,,-0.13461730090814064,1.275231995573474
Kevin Seraphin,New York Knicks,0.2065403551808957,C,0.5427449025346763,6-10,-1.3019838739928273,,-0.38853117301050794,1.275231995573474
Lance Thomas,New York Knicks,-0.7389734877767621,SF,1.371553924088114,6-8,0.2743703757458016,Duke,-0.6153598967577975,-1.7314926066023362
Sasha Vujacic,New York Knicks,-0.7517034719739929,SG,-0.34205221528933927,6-7,1.6315621874639326,,-0.7482336279982287,-0.9798114560583836
Derrick Williams,New York Knicks,-0.12695399323091042,PF,0.5558666351819946,6-8,-0.6717860484162772,Arizona,-0.1599986681434591,1.275231995573474
Tony Wroten,New York Knicks,-0.8547411781606838,SG,-1.0279006968407653,6-6,-0.5535505136247298,Washington,-0.8985082018352146,0.5235508450295214
Elton Brand,Philadelphia 76ers,-0.6100098318462414,PF,2.17861205637283,6-9,1.8713501346216865,Duke,-0.8233709149167217,-1.7314926066023362
Isaiah Canaan,Philadelphia 76ers,-0.6424859554956946,PG,-1.24559503906947,6-0,-0.12017968470443371,Murray State,-0.7482336279982287,0.5235508450295214
Robert Covington,Philadelphia 76ers,-0.9384980420829576,SF,0.43186580763225796,6-9,-0.07464534032499376,Tennessee State,-0.7380741441983887,1.275231995573474
Joel Embiid,Philadelphia 76ers,0.009885818800932063,C,0.5666419332914989,7-0,-1.5167058609731445,Kansas,-0.039188601320992875,1.275231995573474
Jerami Grant,Philadelphia 76ers,-1.1349624090334423,SF,0.44426928008032857,6-8,-0.5657594731792692,Syracuse,-0.7679300083101976,1.275231995573474
Richaun Holmes,Philadelphia 76ers,-0.6559681377862465,PF,0.5199838712166758,6-10,-1.341472665361622,Bowling Green,-0.7237823842038826,1.275231995573474
Carl Landry,Philadelphia 76ers,0.7045772232169174,PF,0.3482411106044936,6-9,0.47429031956647727,Purdue,0.3217308952356489,-0.9798114560583836
Kendall Marshall,Philadelphia 76ers,-0.5216371333544718,PG,-1.1107093278767355,6-4,-0.29630061582047085,North Carolina,-0.5174859379069374,0.5235508450295214
T.J. McConnell,Philadelphia 76ers,-0.8890358849651008,PG,-0.8103421661628949,6-2,-0.19836670635294368,Arizona,-0.8295848409006614,0.5235508450295214
Nerlens Noel,Philadelphia 76ers,-0.13574702336773167,PF,-0.6198029518313731,6-11,-1.2535660895791163,Kentucky,-0.26447617584912003,0.5235508450295214
Jahlil Okafor,Philadelphia 76ers,0.2837032740843675,C,0.5030478563981851,6-11,-2.498181507673287,Duke,-0.04772099534756363,1.275231995573474
Ish Smith,Philadelphia 76ers,-0.7857415239063578,PG,-1.7005716430185238,6-0,0.7729292610988872,Wake Forest,-0.7482336279982287,0.5235508450295214
Nik Stauskas,Philadelphia 76ers,-0.4765711397041868,SG,-0.8392768444057513,6-6,-0.7714192452768985,Michigan,-0.37784833821301284,0.5235508450295214
Hollis Thompson,Philadelphia 76ers,-0.9836155066360895,SG,0.14870671190016554,6-8,0.06786286364849091,Georgetown,-0.7482336279982287,0.5235508450295214
Christian Wood,Philadelphia 76ers,-1.1181329770989787,PF,0.42033645284122384,6-11,-1.1956066818262236,UNLV,-0.8295848409006614,1.275231995573474
Bismack Biyombo,Toronto Raptors,-0.16183946374839975,C,-0.0290454537807577,6-9,-1.2923176092939925,,-0.38853117301050794,1.275231995573474
Bruno Caboclo,Toronto Raptors,-0.8626096959761591,SF,-0.5415452811861594,6-9,-1.0859668902975033,,-0.6371036277141277,0.5235508450295214
DeMarre Carroll,Toronto Raptors,1.6647249263236368,SF,-0.7098244264716843,6-8,0.3011224083179036,Missouri,1.6898428552323155,-0.2281303055144311
DeMar DeRozan,Toronto Raptors,0.9742559736661769,SG,-0.42638554234356457,6-7,-0.3544335175579285,USC,1.0057868752339822,-0.2281303055144311
James Johnson,Toronto Raptors,0.004206407623183551,PF,0.12840453624360754,6-9,-0.1455439365666866,Wake Forest,-0.4490364061709239,1.275231995573474
Cory Joseph,Toronto Raptors,0.24737090875871282,PG,-1.3244824364563446,6-3,-0.21692839458054283,Texas,0.4180768079114705,0.5235508450295214
Kyle Lowry,Toronto Raptors,1.335626945276794,PG,-0.7308328074539544,6-0,0.6899995871082998,Villanova,1.3815359346696865,-0.2281303055144311
Lucas Nogueira,Toronto Raptors,-1.5132223857537883,C,2.895654173495298,7-0,-0.07964173278446805,,-0.5758276272523051,-1.7314926066023362
Patrick Patterson,Toronto Raptors,-0.09630016553334098,PF,1.7956982428934856,6-9,0.06771388378156323,Kentucky,0.27715645873618,-1.7314926066023362
Norman Powell,Toronto Raptors,-0.9332563320762323,SG,-0.021820983967860558,6-4,-0.5715501878195499,UCLA,-0.8055162830714637,1.275231995573474
Terrence Ross,Toronto Raptors,-0.6018569167323545,SF,-0.11388536697656151,6-7,0.20529209476308646,Washington,-0.24595521567179612,0.5235508450295214
Luis Scola,Toronto Raptors,0.14351204862817066,PF,0.23662418247135913,6-9,1.5165623837722315,,-0.3719596760302666,-0.9798114560583836
Jason Thompson,Toronto Raptors,-0.36537657594773276,PF,0.06055228489593442,6-11,-0.11395677434790093,Rider,-0.883522365885792,1.275231995573474
Jonas Valanciunas,Toronto Raptors,0.1398027165991325,C,0.5960097926252267,7-0,-1.217246704626852,,-0.03272918595155509,1.275231995573474
Delon Wright,Toronto Raptors,-1.303378623860857,PG,0.7394303646622274,6-5,0.34044296388476486,Utah,-0.6399246360372757,-1.7314926066023362
Leandro Barbosa,Golden State Warriors,-0.4781338072770752,SG,-0.2914522176777769,6-3,1.836287672637708,,-0.4490364061709239,-0.9798114560583836
Harrison Barnes,Golden State Warriors,-0.4757378205970544,SF,0.8837898753716877,6-8,-0.46422934766752383,North Carolina,-0.1843938386166278,1.275231995573474
Andrew Bogut,Golden State Warriors,1.9778357996119267,C,0.7327503289066001,7-0,-0.0655358284042585,Utah,1.728381220302644,-0.2281303055144311
Ian Clark,Golden State Warriors,-1.0697231503956768,SG,-0.9565570014339204,6-3,0.5269965173199682,Belmont,-0.7482336279982287,0.5235508450295214
Stephen Curry,Golden State Warriors,0.8054075370526586,PG,-0.19309866734618183,6-3,0.7499319117109099,Davidson,1.2602915404728776,-0.9798114560583836
Festus Ezeli,Golden State Warriors,-0.38326837691298166,C,1.4994946385025747,6-11,-0.7868292684388165,Vanderbilt,-0.5436966507585693,1.275231995573474
Draymond Green,Golden State Warriors,1.6192688394221282,PF,0.3067661703197537,6-7,-0.5076678138753551,Michigan State,1.817187101852456,-0.2281303055144311
Andre Iguodala,Golden State Warriors,1.370017969650459,SF,-0.3395233340606104,6-6,0.9616138337118825,Arizona,1.3257431727900701,-0.2281303055144311
Shaun Livingston,Golden State Warriors,-0.20473942675266274,PG,0.139138314236442,6-7,1.302265728708931,,0.1374645199475063,-0.9798114560583836
Kevon Looney,Golden State Warriors,-1.0242406446288557,SF,0.4577040822064352,6-9,-1.1999901686803676,UCLA,-0.7126465309249859,1.275231995573474
James Michael McAdoo,Golden State Warriors,-0.6840045674947255,SF,0.3690033497263531,6-9,-1.053695349177882,North Carolina,-0.7679300083101976,1.275231995573474
Brandon Rush,Golden State Warriors,-0.4015495176752564,SF,-0.44945890031717417,6-6,0.6331020960898598,Kansas,-0.685861596433806,-0.9798114560583836
Marreese Speights,Golden State Warriors,0.22186445106291683,C,0.27220585510394035,6-10,-0.4571234584232026,Florida,-0.19564665583351307,1.275231995573474
Klay Thompson,Golden State Warriors,1.8806730381943468,SG,-0.5325708493760533,6-7,-0.3765592489249094,Washington State,2.056150015225789,-0.2281303055144311
Anderson Varejao,Golden State Warriors,-0.3247135446694987,PF,1.4439018928281289,6-11,0.47848174112634784,,-0.8749325496952665,-1.7314926066023362
Cole Aldrich,Los Angeles Clippers,-0.7899188945663235,C,1.7920276082461664,6-11,-0.16458987925755972,Kansas,-0.7186889611843627,-1.7314926066023362
Jeff Ayres,Los Angeles Clippers,-0.6061827869321388,PF,0.8062735901427778,6-9,0.049512209942191576,Arizona State,-0.9092916217655433,1.275231995573474
Jamal Crawford,Los Angeles Clippers,0.24316576656975794,SG,-0.4958033796047386,6-5,2.314117123416196,Michigan,0.16276013932054326,-0.9798114560583836
Branden Dawson,Los Angeles Clippers,-0.8641597259827802,SF,0.11929845879132489,6-6,-0.7635276102771188,Michigan State,-0.8295848409006614,1.275231995573474
Jeff Green,Los Angeles Clippers,1.092238581714686,SF,-0.04654741554620829,6-9,0.007641878501349931,Georgetown,0.928710145093325,-0.2281303055144311
Blake Griffin,Los Angeles Clippers,2.483342826470645,PF,1.1586658081678314,6-10,-0.6885454038815348,Oklahoma,2.7125982666386914,-0.2281303055144311
Wesley Johnson,Los Angeles Clippers,-0.8573803620790624,SF,0.5565739783925172,6-7,0.5596113242701878,Syracuse,-0.7186889611843627,-1.7314926066023362
DeAndre Jordan,Los Angeles Clippers,3.027316161045218,C,0.3898992978694664,6-11,-1.1851871776460732,Texas A&M,2.863143379798471,-0.2281303055144311
Luc Richard Mbah a Moute,Los Angeles Clippers,-0.5091555041034739,PF,0.0649820746903461,6-8,0.32251548916129913,UCLA,-0.7482336279982287,-0.9798114560583836
Chris Paul,Los Angeles Clippers,2.8583470076513064,PG,-1.5863219331723317,6-0,1.1895625298166026,Wake Forest,3.2060760579176635,-0.2281303055144311
Paul Pierce,Los Angeles Clippers,-0.12679607326529926,SF,1.4469279566646058,6-7,2.2864381647618184,Kansas,-0.2802383671628844,-1.7314926066023362
Pablo Prigioni,Los Angeles Clippers,-0.5613611386923408,PG,-0.6449894189521105,6-3,3.2132388926271123,,-0.7481469166768204,-0.9798114560583836
JJ Redick,Los Angeles Clippers,0.43465924333861655,SG,-1.115266417069736,6-4,1.2484484971795422,Duke,0.43445561306636016,-0.9798114560583836
Austin Rivers,Los Angeles Clippers,-0.6157451221505308,PG,-0.33129031704492806,6-4,-0.3512542201488497,Duke,-0.33134101001344163,0.5235508450295214
C.J. Wilcox,Los Angeles Clippers,-1.0078655627653916,SG,-0.13943606147289547,6-5,0.24885390387210818,Washington,-0.7073051135262383,0.5235508450295214
Brandon Bass,Los Angeles Lakers,0.1459655831594862,PF,0.16730120864847525,6-8,0.25888541437604934,LSU,-0.3526904934951023,-0.9798114560583836
Tarik Black,Los Angeles Lakers,-0.6927202886026366,C,0.9648864997107719,6-9,-0.9470691712094822,Kansas,-0.7679300083101976,1.275231995573474
Anthony Brown,Los Angeles Lakers,-0.704203021490652,SF,-1.0026548864381704,6-7,-0.671501146954321,Stanford,-0.7958816918038816,0.5235508450295214
Kobe Bryant,Los Angeles Lakers,3.5953629187705745,SF,0.33535189763791823,6-6,1.917927569325133,,3.886529664241048,-0.2281303055144311
Jordan Clarkson,Los Angeles Lakers,-0.800726022426962,PG,-1.1945686171932017,6-5,-0.15276606476517374,Missouri,-0.7679300083101976,0.5235508450295214
Roy Hibbert,Los Angeles Lakers,2.2547747770504047,C,1.0672716877968174,7-2,-0.6614123003235277,Georgetown,2.07372678545889,-0.2281303055144311
Marcelo Huertas,Los Angeles Lakers,-0.6621429614394185,PG,-0.5583618325858382,6-3,1.6842624653008524,,-0.8295848409006614,-0.9798114560583836
Ryan Kelly,Los Angeles Lakers,-0.3615655228577849,PF,-0.4383578895307994,6-11,-0.6144812255274167,Duke,-0.5985170896874611,0.5235508450295214
Larry Nance Jr.,Los Angeles Lakers,-0.5394740631466652,PF,-0.3940410092846296,6-9,-0.9995682870675575,Wyoming,-0.708091296173673,0.5235508450295214
Julius Randle,Los Angeles Lakers,-0.38103708104745104,PF,0.9071515347395345,6-9,-1.6158274196188707,Kentucky,-0.32720892651060096,1.275231995573474
D'Angelo Russell,Los Angeles Lakers,-0.07482494459233235,PG,-1.5744784210462057,6-5,-1.156998105061963,Ohio State,0.05256353823844555,0.5235508450295214
Robert Sacre,Los Angeles Lakers,-0.7376535357527951,C,2.445821890010214,7-0,-0.4711377294337017,Gonzaga,-0.7416682321248474,-1.7314926066023362
Louis Williams,Los Angeles Lakers,0.047795199573305774,SG,-0.7466496345538466,6-1,1.2607768766331044,,0.4180768079114705,-0.9798114560583836
Metta World Peace,Los Angeles Lakers,-0.4626497618362286,SF,2.0611757477849544,6-7,1.4999285314357735,St. John's,-0.7482336279982287,-1.7314926066023362
Nick Young,Los Angeles Lakers,0.290658355425933,SF,-0.8223434719352817,6-7,0.8999159961525534,USC,0.07492523187867839,-0.9798114560583836
Eric Bledsoe,Phoenix Suns,1.473111654481974,PG,-1.4493934097812182,6-1,0.029227466536726296,Kentucky,1.6705736726971512,-0.2281303055144311
Devin Booker,Phoenix Suns,-0.5421398769579083,SG,-1.3512402348151085,6-6,-1.498500878039711,Kentucky,-0.5207485958937914,0.5235508450295214
Chase Budinger,Phoenix Suns,-0.77575616988878,SF,-0.5230811111392382,6-7,0.48021166283143124,Arizona,-0.8910344566971258,0.5235508450295214
Tyson Chandler,Phoenix Suns,1.8436563862045667,C,0.04447622618413081,7-1,0.6587132495989834,,1.5742277600213297,-0.2281303055144311
Archie Goodwin,Phoenix Suns,-0.9383345931413212,SG,-0.6088753717875107,6-5,-0.7773988417281245,Kentucky,-0.7072126214500695,0.5235508450295214
John Jenkins,Phoenix Suns,-0.8209477126726902,SG,0.018190706424052846,6-4,-0.16342406317862634,Vanderbilt,-0.7416682321248474,0.5235508450295214
Brandon Knight,Phoenix Suns,1.4119894125271253,PG,-1.5139010910923756,6-3,-0.36847387145878724,Kentucky,1.6705736726971512,-0.2281303055144311
Alex Len,Phoenix Suns,-0.06653049704395966,C,0.7951155069930019,7-1,-1.6756131608448648,Maryland,-0.197165067417284,1.275231995573474
Jon Leuer,Phoenix Suns,-0.7670063602258476,PF,0.6810463943346876,6-10,0.09219792530015067,Wisconsin,-0.7313299303110812,1.275231995573474
Phil Pressey,Phoenix Suns,-1.2737321458055315,PG,-0.7851432563244242,5-11,0.582213994335395,Missouri,-0.9200287956577876,0.5235508450295214
Ronnie Price,Phoenix Suns,-0.7367539056986417,PG,-0.6190982425910458,6-2,1.6843260674502474,Utah Valley,-0.7482336279982287,-0.9798114560583836
Mirza Teletovic,Phoenix Suns,0.10927837701056269,PF,1.2960738456085072,6-9,0.4277538529854792,,0.1290390698840057,-1.7314926066023362
P.J. Tucker,Phoenix Suns,0.36793914836395414,SF,0.6599437883769899,6-6,0.4263068281895164,Texas,0.1290390698840057,-0.9798114560583836
T.J. Warren,Phoenix Suns,-0.4664358022695752,SF,-0.2347871178581199,6-8,-1.186537753311877,North Carolina State,-0.5374665386613,1.275231995573474
Alan Williams,Phoenix Suns,-0.6231111635672698,C,0.6132464016832325,6-8,-1.4353494796935637,UC Santa Barbara,-0.9146960493911809,1.275231995573474
Quincy Acy,Sacramento Kings,-0.5332733386438421,SF,0.16202559441266448,6-7,-0.6948061612649121,Baylor,-0.7416682321248474,1.275231995573474
James Anderson,Sacramento Kings,-0.5685269871784864,SG,-0.6879001849059535,6-6,0.13497489200048368,Oklahoma State,-0.735102643559641,0.5235508450295214
Marco Belinelli,Sacramento Kings,0.3801671659673174,SG,-0.7455580799021303,6-5,0.6960744188514031,,0.23706326332708896,-0.9798114560583836
Caron Butler,Sacramento Kings,-0.5161097277522467,SF,1.0958077577174021,6-7,2.0014233362405283,Connecticut,-0.6515194812441601,-1.7314926066023362
Omri Casspi,Sacramento Kings,-0.3275326066921439,SF,0.1056640210987372,6-9,-0.0012449726910548884,,-0.38425611217325634,1.275231995573474
Willie Cauley-Stein,Sacramento Kings,-0.0177214903265264,C,-0.5172648245438678,7-0,-1.500189840553909,Kentucky,-0.2759451932940498,1.275231995573474
Darren Collison,Sacramento Kings,-0.12697510256165323,PG,-1.4373851321947237,6-0,0.9494646993485416,UCLA,0.03530586566812703,-0.9798114560583836
DeMarcus Cousins,Sacramento Kings,2.2395580257232313,C,0.8156304363648106,6-11,-1.5335587923154366,Kentucky,2.123775211332948,-0.2281303055144311
Seth Curry,Sacramento Kings,-1.1117030231265659,SG,-0.3610851052131766,6-2,0.4303875139524952,Duke,-0.7482336279982287,0.5235508450295214
Duje Dukan,Sacramento Kings,-0.9246726697061322,PF,0.21508225980926957,6-9,-0.42725973950851787,Wisconsin,-0.8295848409006614,1.275231995573474
Rudy Gay,Sacramento Kings,1.5396205624777648,SF,-0.176275800254701,6-8,0.03573408658717006,Connecticut,1.4592102021607591,-0.2281303055144311
Kosta Koufos,Sacramento Kings,0.5109324109202352,C,1.9174572713432647,7-0,-0.6102373713489379,Ohio State,0.5529610856576207,-1.7314926066023362
Ben McLemore,Sacramento Kings,-0.6169585940403525,SG,-0.525879487546754,6-5,-0.28165682940977693,Kansas,-0.32251495364503496,0.5235508450295214
Eric Moreland,Sacramento Kings,-0.7365742147310266,PF,0.5730829888610586,6-10,-0.7615720656482897,Oregon State,-0.7679300083101976,1.275231995573474
Rajon Rondo,Sacramento Kings,0.7480885036712495,PG,-1.0553460516832887,6-1,1.0987037863358293,Kentucky,0.8998063712905785,-0.9798114560583836
Cameron Bairstow,Chicago Bulls,-0.8285864995022736,PF,1.5446155361170764,6-9,-0.6189713974014113,New Mexico,-0.7679300083101976,1.275231995573474
Aaron Brooks,Chicago Bulls,-0.5548867763139889,PG,-1.8956745222928975,6-0,1.8317000877105734,Oregon,-0.4972093625088347,-0.9798114560583836
Jimmy Butler,Chicago Bulls,1.9515349842469512,SG,-0.013238964299642405,6-7,-0.3956806492701259,Marquette,2.2308251549070537,-0.2281303055144311
Mike Dunleavy,Chicago Bulls,-0.02744319720531071,SG,1.202596848378107,6-9,1.7137776981304664,Duke,-0.06365275546763749,-1.7314926066023362
Cristiano Felicio,Chicago Bulls,-0.33713393864583147,PF,0.572487601237871,6-10,-1.7906167800290627,,-0.8295848409006614,1.275231995573474
Pau Gasol,Chicago Bulls,0.8384256845968546,C,0.884371047909111,7-0,1.134849000663755,,0.5045491914562739,-0.9798114560583836
Taj Gibson,Chicago Bulls,0.6767281330618438,PF,0.3591111973142281,6-9,0.5467436888970468,USC,0.7071145459389353,-0.9798114560583836
Justin Holiday,Chicago Bulls,-0.7914791760966868,SG,-1.2292392716497722,6-6,0.6495639879159429,Washington,-0.7482336279982287,0.5235508450295214
Doug McDermott,Chicago Bulls,-0.289455574591707,SF,-0.6373937914013146,6-8,-0.7614983944330533,Creighton,-0.4720746408099663,0.5235508450295214
Nikola Mirotic,Chicago Bulls,-0.24457287687426973,PF,0.9685305541660704,6-10,-0.1645742708235292,,0.1374645199475063,1.275231995573474
E'Twaun Moore,Chicago Bulls,-1.3194069317475694,SG,0.8903745882980931,6-4,0.9700439104488849,Purdue,-0.735102643559641,-1.7314926066023362
Joakim Noah,Chicago Bulls,1.7090147605610957,C,0.15222541125443234,6-11,0.4474086187471131,Florida,1.6513044901619869,-0.2281303055144311
Bobby Portis,Chicago Bulls,-0.5165451588047567,PF,-0.5619402537069625,6-11,-1.4468770422175234,Arkansas,-0.6627008097938399,1.275231995573474
Derrick Rose,Chicago Bulls,2.657677904027799,PG,-1.4925712326353338,6-3,0.08794573976793565,Memphis,2.941003209517357,-0.2281303055144311
Tony Snell,Chicago Bulls,-0.8091749207380897,SF,-0.48598610337385917,6-7,-0.1491726362220614,New Mexico,-0.6348144488289501,0.5235508450295214
Matthew Dellavedova,Cleveland Cavaliers,-0.7242312686162133,PG,-0.9827945733261795,6-4,-0.00015019535267805955,Saint Mary's,-0.7096952629279001,0.5235508450295214
Channing Frye,Cleveland Cavaliers,1.043964090421638,PF,0.6177360012152417,6-11,0.5433568905020505,Arizona,0.647963743618916,-0.2281303055144311
Kyrie Irving,Cleveland Cavaliers,1.9584860694030042,PG,-1.4852821208971625,6-3,-0.5118748279722123,Duke,2.2308253475988793,-0.2281303055144311
LeBron James,Cleveland Cavaliers,3.3795831530611284,SF,0.9042458479475701,6-8,0.008435196049411202,,3.495461604689888,-0.2281303055144311
Richard Jefferson,Cleveland Cavaliers,-0.5069998809417301,SF,0.8792027428837775,6-7,1.6494008522251955,Arizona,-0.7482336279982287,-1.7314926066023362
Dahntay Jones,Cleveland Cavaliers,-0.6328817531354844,SG,0.9490391352559479,6-6,1.8444156421072466,Duke,-0.7482336279982287,-1.7314926066023362
James Jones,Cleveland Cavaliers,-0.3292630401336217,SG,-0.40711359681197956,6-8,1.7095861695274137,Miami (FL),-0.7482336279982287,-0.9798114560583836
Sasha Kaun,Cleveland Cavaliers,-0.23330694991036177,C,0.8983106031200846,6-11,0.2268219620402527,Kansas,-0.6848912004013351,-1.7314926066023362
Kevin Love,Cleveland Cavaliers,3.0063550976792297,PF,-0.17065440216519193,6-10,-0.9910707793375739,UCLA,2.863143379798471,-0.2281303055144311
Jordan McRae,Cleveland Cavaliers,-1.0802967591264054,SG,-1.234226626906745,6-5,0.3943030689656599,Tennessee,-0.9093394093382305,0.5235508450295214
Timofey Mozgov,Cleveland Cavaliers,0.39352769789260045,C,1.3732973318750672,7-1,-0.4898224711511475,,0.023058565940601943,1.275231995573474
Iman Shumpert,Cleveland Cavaliers,0.8402407251841736,SG,-0.7094394877186044,6-5,-0.5968382156336826,Georgia Tech,0.8012955659569312,-0.2281303055144311
J.R. Smith,Cleveland Cavaliers,0.2709194288312871,SG,-0.3212063730017066,6-6,0.4718432049485413,,0.0326931572081841,-0.9798114560583836
Tristan Thompson,Cleveland Cavaliers,1.7722902608938385,C,0.029619316097255245,6-9,-0.9505115681190641,Texas,1.817187101852456,-0.2281303055144311
Mo Williams,Cleveland Cavaliers,-0.9199488076433495,PG,1.1659484257518926,6-1,2.0686233301496677,Alabama,-0.5261131363115812,-1.7314926066023362
Joel Anthony,Detroit Pistons,-0.512228129519827,C,2.128894812949788,6-9,1.2106922820467556,UNLV,-0.4490364061709239,-1.7314926066023362
Aron Baynes,Detroit Pistons,0.6607194346565597,C,0.6974310185458517,6-10,-0.3298310866074898,Washington State,0.3217308952356489,1.275231995573474
Steve Blake,Detroit Pistons,-0.6552131934799583,PG,-0.5304780419763487,6-3,2.895860198982816,Maryland,-0.5125351068381776,-0.9798114560583836
Lorenzo Brown,Detroit Pistons,-1.073910364576762,PG,-0.8042757367709871,6-5,0.2620136031324651,North Carolina State,-0.9092916217655433,0.5235508450295214
Reggie Bullock,Detroit Pistons,-0.8645170226281323,SF,-0.12389521704355144,6-7,0.025349051811082296,North Carolina,-0.6894310198066198,0.5235508450295214
Kentavious Caldwell-Pope,Detroit Pistons,-0.3790056967995899,SG,-1.045912364138395,6-5,-0.6132670910252483,Georgia,-0.3735474566711641,0.5235508450295214
Spencer Dinwiddie,Detroit Pistons,-0.8060228408956518,PG,-1.019768036340685,6-6,-0.4532091771842212,Colorado,-0.7679300083101976,0.5235508450295214
Andre Drummond,Detroit Pistons,0.22055545621547432,C,0.35347741003296557,6-11,-2.1872473061154247,Connecticut,-0.30026078204334833,1.275231995573474
Tobias Harris,Detroit Pistons,1.7598963467488518,SF,0.7365997996227385,6-9,-1.1725831352546572,Tennessee,2.1523032360762593,-0.2281303055144311
Darrun Hilliard,Detroit Pistons,-0.791280958970715,SF,-0.9893808870705993,6-6,-0.5541140170650735,Villanova,-0.815150874339046,0.5235508450295214
Reggie Jackson,Detroit Pistons,1.6774636899881445,PG,-1.0920080522886058,6-3,-0.30712508623706064,Boston College,1.7501638750076953,-0.2281303055144311
Stanley Johnson,Detroit Pistons,-0.16010353180648743,SF,-0.3615028014537181,6-7,-1.9739860763881132,Arizona,-0.383143509573676,1.275231995573474
Jodie Meeks,Detroit Pistons,0.16899281558186854,SG,-0.12706734092003177,6-4,0.41879558579588416,Kentucky,0.27741177540477097,-0.9798114560583836
Marcus Morris,Detroit Pistons,0.15628665050941928,PF,0.06572130007768448,6-9,-0.48230030678820734,Kansas,0.0326931572081841,1.275231995573474
Anthony Tolliver,Detroit Pistons,-0.41609155311896473,PF,1.6408213932942668,6-8,0.8014322480013736,Creighton,-0.3526904934951023,-1.7314926066023362
Lavoy Allen,Indiana Pacers,0.24171749748127616,PF,0.2288610916552231,6-9,-0.6744284874812905,Temple,-0.15036407687587694,1.275231995573474
Rakeem Christmas,Indiana Pacers,-0.6281948681880464,PF,0.8396761537697452,6-9,-0.977375682620513,Syracuse,-0.736720291433468,1.275231995573474
Monta Ellis,Indiana Pacers,0.85695092437465,SG,-1.0001807833988043,6-3,1.1166934514928657,,1.053959831571893,-0.9798114560583836
Paul George,Indiana Pacers,2.1726184635207995,SF,-0.34898898739598994,6-9,-0.48265069545845546,Fresno State,2.3681385058035866,-0.2281303055144311
George Hill,Indiana Pacers,0.5719874651189294,PG,-1.2490974068348826,6-3,1.042694989144609,IUPUI,0.6107686332631137,-0.9798114560583836
Jordan Hill,Indiana Pacers,-0.1451001140686796,C,0.7352326269619504,6-10,0.08878969823438282,Arizona,-0.1599986681434591,1.275231995573474
Solomon Hill,Indiana Pacers,-0.9419706122073706,SF,1.1077247045508956,6-7,-0.16128331380168395,Arizona,-0.6689209019161909,1.275231995573474
Ty Lawson,Indiana Pacers,-0.8682321661910162,PG,-0.8353924677044313,5-11,0.7277189035032895,North Carolina,-0.8899646316827735,0.5235508450295214
Ian Mahinmi,Indiana Pacers,-0.03587725946988704,C,1.1529835464574376,6-11,0.04454567355974003,,-0.1599986681434591,-1.7314926066023362
C.J. Miles,Indiana Pacers,0.24440540753523046,SF,-0.4320596908163852,6-6,0.12224710361865383,,-0.08403473329420755,-0.9798114560583836
Glenn Robinson III,Indiana Pacers,-1.0224283829549783,SG,0.7516276026279314,6-7,-0.774682280548537,Michigan,-0.7188049616632244,1.275231995573474
Rodney Stuckey,Indiana Pacers,0.5229145214723963,PG,-0.9046752481424833,6-5,0.7550034874241776,Eastern Washington,0.4180768079114705,-0.9798114560583836
Myles Turner,Indiana Pacers,-0.6204276605067143,PF,0.8384830000880841,6-11,-1.660434376015819,Texas,-0.4764448914089416,1.275231995573474
Shayne Whittington,Indiana Pacers,-0.8406672396824604,PF,1.585995377734407,6-11,-0.6100526407962542,Western Michigan,-0.7679300083101976,1.275231995573474
Joe Young,Indiana Pacers,-0.8266680375418984,PG,-1.756604392080569,6-2,-0.16543508938810778,Oregon,-0.736720291433468,0.5235508450295214
Giannis Antetokounmpo,Milwaukee Bucks,-0.8220061041459759,SF,0.45591162612548125,6-11,-1.0590671656537982,,-0.5542538504859351,1.275231995573474
Jerryd Bayless,Milwaukee Bucks,-0.4778745901288149,PG,-0.4116724737047618,6-3,0.44627758896903147,Arizona,-0.3526904934951023,0.5235508450295214
Michael Carter-Williams,Milwaukee Bucks,-0.5439828240859489,PG,-1.3354437051680603,6-6,-0.1249962397561684,Syracuse,-0.46849057285842577,0.5235508450295214
Jared Cunningham,Milwaukee Bucks,-0.7912606904518508,SG,-1.0070084575123541,6-4,0.0662158124303113,Oregon State,-0.7482336279982287,0.5235508450295214
Tyler Ennis,Milwaukee Bucks,-0.7819602212887118,PG,-1.1184461610598155,6-3,-0.7625489548010427,Syracuse,-0.6104427867584743,0.5235508450295214
John Henson,Milwaukee Bucks,-0.4815595394822712,PF,0.6485334538082408,6-11,-0.3827062954389223,North Carolina,-0.36363134264674324,1.275231995573474
Damien Inglis,Milwaukee Bucks,-0.6483451670261333,SF,0.2950479036462695,6-8,-1.611104084677764,,-0.7660144588743769,1.275231995573474
O.J. Mayo,Milwaukee Bucks,0.6764635777930892,SG,-0.841962289934405,6-5,0.22925592507199966,USC,0.6107686332631137,-0.9798114560583836
Khris Middleton,Milwaukee Bucks,1.69236376904142,SG,0.2681222229528113,6-8,-1.0212710976252908,Texas A&M,1.901803863119123,-0.2281303055144311
Greg Monroe,Milwaukee Bucks,2.3243799753366363,C,0.742221933487827,6-11,-1.245143346563556,Georgetown,2.2308251549070537,-0.2281303055144311
Steve Novak,Milwaukee Bucks,-0.5203396600164784,SF,-0.16514008441331748,6-10,1.0081940897717718,Marquette,-0.8738588708444072,-0.9798114560583836
Johnny O'Bryant III,Milwaukee Bucks,-1.259137216651027,PF,3.1068449687443076,6-9,-0.846018504467538,LSU,-0.7679300083101976,-1.7314926066023362
Jabari Parker,Milwaukee Bucks,0.18919008122185355,PF,0.14895812932804361,6-8,-1.8206468864890626,Duke,0.06206709906478859,1.275231995573474
Miles Plumlee,Milwaukee Bucks,-0.2942725385781047,C,0.6457977330476908,6-11,-0.4098185875964644,Duke,-0.524322258486763,1.275231995573474
Greivis Vasquez,Milwaukee Bucks,0.2824439032985793,PG,0.11005917459536525,6-6,0.5088203642718009,Maryland,0.3410000777708132,-0.9798114560583836
Rashad Vaughn,Milwaukee Bucks,-0.8673139051445073,SG,-0.651634410397976,6-6,-1.2496395443395154,UNLV,-0.5968233285426201,0.5235508450295214
Justin Anderson,Dallas Mavericks,-0.4502879370887853,SG,-0.7306615898134945,6-6,-1.2362903941352408,Virginia,-0.6515555146155009,0.5235508450295214
J.J. Barea,Dallas Mavericks,-0.09886680499724677,PG,-1.166934503309237,6-0,1.4070712651796322,Northeastern,-0.10411803879148256,-0.9798114560583836
Jeremy Evans,Dallas Mavericks,-0.8125316632530087,SF,-0.2745641035126023,6-9,0.7179029642291328,Western Kentucky,-0.7186889611843627,-0.9798114560583836
Raymond Felton,Dallas Mavericks,0.011551753914341753,PG,-0.8427215940022611,6-1,1.0340051513886446,North Carolina,-0.16957294686970617,-0.9798114560583836
Devin Harris,Dallas Mavericks,-0.44814926968979046,PG,0.11822703646638338,6-3,2.0952082366882863,Wisconsin,-0.14970006084571516,-0.9798114560583836
David Lee,Dallas Mavericks,-0.48793367424493955,PF,1.8005953554870024,6-9,1.148424128913753,Florida,-0.5288742174770449,-1.7314926066023362
Wesley Matthews,Dallas Mavericks,1.9909237382149516,SG,0.1948940050780356,6-5,0.2586186777632771,Marquette,2.2308251549070537,-0.2281303055144311
JaVale McGee,Dallas Mavericks,-0.19474757736818657,C,0.8718844085659668,7-0,-0.6131635476255317,Nevada,-0.685861596433806,1.275231995573474
Salah Mejri,Dallas Mavericks,-0.9418264045896788,C,1.9747872396921526,7-2,0.4053655766856831,,-0.8295848409006614,-1.7314926066023362
Dirk Nowitzki,Dallas Mavericks,0.6998677731113898,PF,1.8850743868791195,7-0,1.85117524585283,,0.6749993701748783,-1.7314926066023362
Zaza Pachulia,Dallas Mavericks,0.4161685571949334,C,1.7866766709694921,6-11,0.20359075474095728,,0.07123152227851273,-1.7314926066023362
Chandler Parsons,Dallas Mavericks,1.8084863305714318,SF,0.42404029495514106,6-10,-0.3018016623672784,Florida,2.029269505589235,-0.2281303055144311
Dwight Powell,Dallas Mavericks,-0.5057715337095056,PF,-0.1271434959179406,6-11,-0.9574852471038935,Stanford,-0.7679300083101976,1.275231995573474
Charlie Villanueva,Dallas Mavericks,-0.34471266181805166,PF,-0.17924364477066576,6-11,0.6311789930341682,Connecticut,-0.7482336279982287,-0.9798114560583836
Deron Williams,Dallas Mavericks,0.15517130955535363,PG,-0.7154145880042149,6-3,1.1446410102504132,Illinois,0.10571834902899772,-0.9798114560583836
Trevor Ariza,Houston Rockets,0.8100727965948155,SF,-0.7308893111368437,6-8,0.5430562531737135,UCLA,0.6479639363107413,-0.9798114560583836
Michael Beasley,Houston Rockets,-0.5817156285806767,SF,-0.06835660357788766,6-10,-0.21186139834763393,Kansas State,-0.8717007224004687,0.5235508450295214
Patrick Beverley,Houston Rockets,0.23619923863005132,PG,-1.4727601550442986,6-1,0.4835532881815632,Arkansas,0.3191268579078468,-0.9798114560583836
Corey Brewer,Houston Rockets,0.23627010415602367,SG,-0.05382930185230377,6-9,1.3406054561387983,Florida,0.6549673207031468,-0.9798114560583836
Clint Capela,Houston Rockets,-0.5753434317832933,PF,0.11768396882263288,6-10,-1.3191596150157625,,-0.6913039843490378,1.275231995573474
Sam Dekker,Houston Rockets,-0.4749523957883812,SF,-0.43907695695343496,6-9,-1.2224803336054046,Wisconsin,-0.6135181482910865,1.275231995573474
Andrew Goudelock,Houston Rockets,-0.7371807826052866,PG,-1.179381641503183,6-3,0.3381827644203782,Charleston,-0.8921119893844922,0.5235508450295214
James Harden,Houston Rockets,1.934490359611865,SG,-0.33997329621913663,6-5,-0.452759724729024,Arizona State,2.1053708297099623,-0.2281303055144311
Montrezl Harrell,Houston Rockets,-0.8593427845447253,PF,0.9468855088858219,6-8,-1.1354641729724841,Louisville,-0.7380741441983887,1.275231995573474
Dwight Howard,Houston Rockets,3.484689527738997,C,0.7458969133932029,6-11,-0.5537459658078367,,3.377700693311786,-0.2281303055144311
Terrence Jones,Houston Rockets,-0.12643181751830804,PF,0.08826846939445732,6-9,-1.2147034214702235,Kentucky,-0.4510538895823556,1.275231995573474
K.J. McDaniels,Houston Rockets,-0.6531420234425479,SG,0.0693729514065869,6-6,-0.3789934298774186,Clemson,-0.3161187411943125,1.275231995573474
Donatas Motiejunas,Houston Rockets,-0.5097751560317683,PF,0.041548413163075774,7-0,-0.3426405018955847,,-0.48984757132127515,1.275231995573474
Josh Smith,Houston Rockets,-0.436780305844771,C,-0.29441238208234705,6-9,0.560677037273173,,-0.7482336279982287,-0.9798114560583836
Jason Terry,Houston Rockets,-0.8483994145504654,SG,0.22357897635722504,6-2,3.197307463791039,Arizona,-0.7482336279982287,-0.9798114560583836
Jordan Adams,Memphis Grizzlies,-0.6302049989718383,SG,-1.1132007690284016,6-5,-1.0935657470914986,UCLA,-0.6601110316611138,0.5235508450295214
Tony Allen,Memphis Grizzlies,0.2549185586716865,SG,-0.25723476837538906,6-4,1.564912257086091,Oklahoma State,0.06324232650760826,-0.9798114560583836
Chris Andersen,Memphis Grizzlies,0.528535406352037,PF,0.5001976212295282,6-10,1.621002658118291,Blinn College,0.0326931572081841,-0.9798114560583836
Matt Barnes,Memphis Grizzlies,-0.05519135703766554,SF,0.6649388866419784,6-7,1.9106456382950947,UCLA,-0.24815517824183583,-0.9798114560583836
Vince Carter,Memphis Grizzlies,0.14813627226416654,SG,0.3632146695259678,6-6,2.5788453198466437,North Carolina,-0.1430381263678328,-0.9798114560583836
Mike Conley,Memphis Grizzlies,0.6235799659340608,PG,-1.3021118285846722,6-1,0.884860760809925,Ohio State,0.9168453386391229,-0.9798114560583836
Bryce Cotton,Memphis Grizzlies,-1.0648097622512533,PG,-1.799501589283809,6-1,0.16902302231187732,Providence,-0.7957078837774144,0.5235508450295214
Jordan Farmar,Memphis Grizzlies,0.8685279929784655,PG,-1.4424596091850872,6-2,0.9328607088984858,UCLA,1.0336214020978525,-0.9798114560583836
Marc Gasol,Memphis Grizzlies,2.7189484098356065,C,1.4512726927501296,7-1,0.08113473480783968,,2.8629506879731195,-0.2281303055144311
JaMychal Green,Memphis Grizzlies,-0.48679376656343626,PF,-0.6649806100224476,6-9,-0.5778214487409108,Alabama,-0.7679300083101976,0.5235508450295214
P.J. Hairston,Memphis Grizzlies,-0.6764382166776085,SF,0.10221402567983275,6-6,-0.8935479993665496,North Carolina,-0.6992583028995536,1.275231995573474
Jarell Martin,Memphis Grizzlies,-0.5236889336837384,PF,-0.11144202855115933,6-10,-1.345805212664539,LSU,-0.6935931632342154,1.275231995573474
Ray McCallum,Memphis Grizzlies,-0.25858357290031014,PG,-1.3462491139734776,6-3,-0.1608209094333522,Detroit,-0.15356051310541846,0.5235508450295214
Xavier Munford,Memphis Grizzlies,0.05533707914900916,PG,-1.2154126530225835,6-3,0.03489464041381698,Rhode Island,0.3864721370233784,0.5235508450295214
Zach Randolph,Memphis Grizzlies,0.8556329607783264,PF,2.458070380389201,6-9,1.0010556826855466,Michigan State,0.9265047871521753,-1.7314926066023362
Lance Stephenson,Memphis Grizzlies,0.9451916265477388,SF,-0.6105999694621725,6-5,-0.8007185642575085,Cincinnati,0.8034604586147569,-0.2281303055144311
Alex Stepheson,Memphis Grizzlies,0.5562499886171246,PF,1.8255900912811336,6-10,-0.5297765362850138,USC,0.4627813113930517,-1.7314926066023362
Brandan Wright,Memphis Grizzlies,-0.14088386624324623,PF,0.45757919262717556,6-10,0.5613253248227589,North Carolina,0.12210216417134655,-0.9798114560583836
Alexis Ajinca,New Orleans Pelicans,-0.17150596041383803,C,1.6433237397909726,7-2,-0.015910114269053095,,-0.08492458414368144,-1.7314926066023362
Ryan Anderson,New Orleans Pelicans,0.6015933515303941,PF,1.0652872468400059,6-10,-0.044774583549114684,California,0.7071145459389353,-1.7314926066023362
Omer Asik,New Orleans Pelicans,1.2099098541156046,C,0.19554598788353836,7-0,-0.3811392797643571,,0.8445968875663017,-0.2281303055144311
Luke Babbitt,New Orleans Pelicans,-0.5309818915691829,SF,-0.3384509311379939,6-9,-0.2645432795546834,Nevada,-0.7186889611843627,0.5235508450295214
Norris Cole,New Orleans Pelicans,-0.771181392510451,PG,-0.514371657525985,6-2,0.9857690209299229,Cleveland State,-0.34557496246034214,-0.9798114560583836
Dante Cunningham,New Orleans Pelicans,-0.5634793888166864,PF,1.3765574255067627,6-8,0.5662088720386076,Villanova,-0.38159426729784873,-1.7314926066023362
Anthony Davis,New Orleans Pelicans,0.45367078496481716,PF,0.7419520811136928,6-10,-1.393344059789938,Kentucky,0.4317059007185922,1.275231995573474
Bryce Dejean-Jones,New Orleans Pelicans,-1.1817572388955204,SG,0.003348144554310376,6-6,-0.28634157402019744,Iowa State,-0.8980309041838186,0.5235508450295214
Toney Douglas,New Orleans Pelicans,-0.7319139439700748,PG,-0.5098326007988153,6-2,1.1846475017441898,Florida State,-0.7063073552545674,-0.9798114560583836
James Ennis,New Orleans Pelicans,-0.6485862683985297,SF,-0.8786518903832293,6-7,-0.24145414053667616,Long Beach State,-0.7679300083101976,0.5235508450295214
Tyreke Evans,New Orleans Pelicans,1.202527250357363,SG,-0.8033301569327435,6-6,-0.44970813493396905,Memphis,1.1377010011841622,-0.2281303055144311
Tim Frazier,New Orleans Pelicans,-0.8914119436013245,PG,-1.8536248602769607,6-1,0.4482195975085547,Penn State,-0.7679300083101976,0.5235508450295214
Alonzo Gee,New Orleans Pelicans,-0.5136848521964963,SF,0.07513072859561476,6-6,0.4295407279985459,Alabama,-0.6764127600858628,-0.9798114560583836
Eric Gordon,New Orleans Pelicans,1.9162127050615316,SG,-0.5322457481595713,6-4,-0.17360970107136187,Indiana,2.0586609824019466,-0.2281303055144311
Jordan Hamilton,New Orleans Pelicans,-0.8057858614442507,SG,0.21225178184398666,6-7,-0.23477232074815546,Texas,-0.735102643559641,1.275231995573474
Jrue Holiday,New Orleans Pelicans,0.9361298302749369,PG,-0.7649833182070004,6-4,-0.30430924036230395,UCLA,1.110901614806081,-0.2281303055144311
Orlando Johnson,New Orleans Pelicans,-0.6289862684067145,SG,-0.7323171585042272,6-5,-0.012397202573959614,UC Santa Barbara,-0.9200287956577876,0.5235508450295214
Kendrick Perkins,New Orleans Pelicans,-0.11523634439341561,C,0.751118660790112,6-10,-0.023119182448285643,,-0.7482336279982287,1.275231995573474
Quincy Pondexter,New Orleans Pelicans,-0.2685682528229653,SF,0.1150794175327623,6-7,0.30522089073079917,Washington,-0.2790777842987915,-0.9798114560583836
LaMarcus Aldridge,San Antonio Spurs,2.851514982065491,PF,0.20591832955454864,6-11,-0.05301829215732611,Texas,2.863143379798471,-0.2281303055144311
Kyle Anderson,San Antonio Spurs,-0.4903942409295862,SF,-0.6840270579533585,6-9,-1.264955948133108,UCLA,-0.7105423361921459,0.5235508450295214
Matt Bonner,San Antonio Spurs,-0.3637404500990991,C,0.5931859280417602,6-10,1.7459104181570346,Florida,-0.7482336279982287,-0.9798114560583836
Boris Diaw,San Antonio Spurs,0.6208173841368677,C,1.5456984942704315,6-8,1.0731907679515091,,0.5144227205872921,-1.7314926066023362
Tim Duncan,San Antonio Spurs,0.4999844788384582,C,1.3147625124776516,6-11,2.288408273839552,Wake Forest,0.0808661135460949,-0.9798114560583836
Manu Ginobili,San Antonio Spurs,-0.25604432983193925,SG,0.20216578968322296,6-6,2.704527790338881,,-0.38853117301050794,-0.9798114560583836
Danny Green,San Antonio Spurs,0.9261952801385629,SG,-0.2884800782706333,6-6,0.19508426798511846,North Carolina,0.9961522839664001,-0.2281303055144311
Kawhi Leonard,San Antonio Spurs,2.2054490136757097,SF,-0.6599848241261694,6-7,-1.1663227134640548,San Diego State,2.2308251549070537,-0.2281303055144311
Boban Marjanovic,San Antonio Spurs,-0.4451708387895291,C,2.476684531505415,7-3,-0.9188736716446485,,-0.69953577912806,-1.7314926066023362
Kevin Martin,San Antonio Spurs,-0.8946120169819143,SG,0.0007959558149790269,6-7,1.8339255752665569,Western Carolina,-0.8921119893844922,-0.9798114560583836
Andre Miller,San Antonio Spurs,-0.742976843442688,PG,0.3566872378888216,6-3,3.3091348514136163,Utah,-0.8824484943431073,-0.9798114560583836
Patty Mills,San Antonio Spurs,-0.3440090392729926,PG,-1.2052583372555192,6-0,0.6007977355376126,Saint Mary's,-0.2411321392832445,0.5235508450295214
Tony Parker,San Antonio Spurs,1.5137264187587844,PG,-0.9365192066517669,6-2,1.878699143749777,,1.6585304336126736,-0.2281303055144311
Jonathon Simmons,San Antonio Spurs,-0.9404461574258486,SG,-0.6313874281466145,6-6,0.35897385896184386,Houston,-0.8295848409006614,0.5235508450295214
David West,San Antonio Spurs,-0.36963830220805566,PF,1.503023560707573,6-9,1.3901234766703754,Xavier,-0.641884889976578,-1.7314926066023362
Kent Bazemore,Atlanta Hawks,-0.7274102485245274,SF,-0.21764767535301224,6-5,0.28294918944073094,Old Dominion,-0.5453823188467455,0.5235508450295214
Tim Hardaway Jr.,Atlanta Hawks,-0.6953949538131907,SG,-0.7867282559737364,6-6,-0.32172780467698914,Michigan,-0.6793956295423063,0.5235508450295214
Kirk Hinrich,Atlanta Hawks,-0.3159197512259197,SG,-0.589096880707046,6-4,2.261135257064164,Kansas,-0.38064236968061166,-0.9798114560583836
Al Horford,Atlanta Hawks,1.505968179398468,C,0.4924192121437608,6-10,0.053838388694010926,Florida,1.3815359346696865,-0.2281303055144311
Kris Humphries,Atlanta Hawks,-0.7987113974464936,PF,1.5425174394211327,6-9,0.9337102277449822,Minnesota,-0.7380741441983887,-1.7314926066023362
Kyle Korver,Atlanta Hawks,0.16672268703407359,SG,0.461821223168951,6-7,1.9334854662073993,Creighton,0.17653355830485334,-0.9798114560583836
Paul Millsap,Atlanta Hawks,2.8317410219994827,PF,0.05722868595608415,6-8,0.0039585486078134,Louisiana Tech,2.667110085503405,-0.2281303055144311
Mike Muscala,Atlanta Hawks,-0.7778598358501881,PF,0.8652969101793695,6-11,-0.7456756378597519,Bucknell,-0.7482336279982287,1.275231995573474
Lamar Patterson,Atlanta Hawks,-0.7342496529183075,SG,-0.21132902038364576,6-5,-0.6316424817825023,Pittsburgh,-0.8295848409006614,0.5235508450295214
Dennis Schroder,Atlanta Hawks,-0.9624602558387383,PG,-1.3197613347928958,6-1,-0.10996603902348934,,-0.5909732047249442,0.5235508450295214
Mike Scott,Atlanta Hawks,-0.3297534101360325,PF,0.9493589751907529,6-8,-0.09953298749157174,Virginia,-0.288459949275163,1.275231995573474
Thabo Sefolosha,Atlanta Hawks,-0.1363251712733287,SF,0.48505734275415957,6-7,1.184884656009017,,-0.1599986681434591,-0.9798114560583836
Tiago Splitter,Atlanta Hawks,1.1836636906004885,C,0.38352516542535187,6-11,0.2794992606139837,,0.9491836515369371,-0.2281303055144311
Walter Tavares,Atlanta Hawks,-0.52643276153513,C,0.9386364019520682,7-3,-1.180855758585239,,-0.7380741441983887,1.275231995573474
Jeff Teague,Atlanta Hawks,0.5313300935529575,PG,-1.5432208821628446,6-2,0.4148524680688259,Wake Forest,0.6107686332631137,-0.9798114560583836
Nicolas Batum,Charlotte Hornets,1.459369359628929,SG,-1.057932233402759,6-8,0.09947298035174504,,1.5983732018888426,-0.2281303055144311
Troy Daniels,Charlotte Hornets,-0.9993928567877732,SG,0.043230442735352675,6-4,-0.1355220496163071,Virginia Commonwealth,-0.7482336279982287,0.5235508450295214
Jorge Gutierrez,Charlotte Hornets,-0.9575173083893679,PG,-0.9281085123919288,6-3,0.640017731013706,California,-0.8942595397780363,0.5235508450295214
Tyler Hansbrough,Charlotte Hornets,-0.8135466417261974,PF,2.125313794859454,6-9,0.5198265524705231,North Carolina,-0.7482336279982287,-1.7314926066023362
Aaron Harrison,Charlotte Hornets,-0.8495971098621223,SG,-0.8368016554931363,6-6,-1.03846260280539,Kentucky,-0.8295848409006614,0.5235508450295214
Spencer Hawes,Charlotte Hornets,0.6162876015024541,PF,-0.17291995566923807,7-1,-0.3751455105531715,Washington,0.24658763487057,1.275231995573474
Al Jefferson,Charlotte Hornets,1.961964897570475,C,1.9195263088036125,6-10,-0.4559617886969874,,1.6705736726971512,-0.2281303055144311
Frank Kaminsky III,Charlotte Hornets,-0.6653025920416469,C,1.3504342391098385,7-0,-0.8783871168534613,Wisconsin,-0.42735472198235697,1.275231995573474
Michael Kidd-Gilchrist,Charlotte Hornets,0.27194228807026494,SF,-0.13578161879662345,6-7,-1.2981177169013676,Kentucky,0.28924382424866324,1.275231995573474
Jeremy Lamb,Charlotte Hornets,-0.4422538093943128,SG,-1.5339303478823667,6-5,-0.06832067891751785,Connecticut,-0.34607037314332123,0.5235508450295214
Courtney Lee,Charlotte Hornets,0.270246094160274,SG,-1.0488217072316945,6-5,0.8635670233115044,Western Kentucky,0.16276013932054326,-0.9798114560583836
Jeremy Lin,Charlotte Hornets,-0.4832563046408314,PG,-0.9025381977667734,6-3,0.35812523077858155,Harvard,-0.5185981551228671,0.5235508450295214
Kemba Walker,Charlotte Hornets,1.0140791213934708,PG,-1.035370431535343,6-1,0.2841772950945984,Connecticut,1.3815359346696865,-0.2281303055144311
Marvin Williams,Charlotte Hornets,0.7153208344801395,PF,-0.23269571419623303,6-9,-0.023159451521288052,North Carolina,0.4180768079114705,-0.9798114560583836
Cody Zeller,Charlotte Hornets,-0.33903533664670316,C,1.1743917135340665,7-0,-0.9489510313983408,Indiana,-0.12065099740665355,1.275231995573474
Chris Bosh,Miami Heat,3.4306059594694283,PF,-0.293757442354003,6-11,0.30674156593234464,Georgia Tech,3.3455916836861403,-0.2281303055144311
Luol Deng,Miami Heat,1.1099975861930318,SF,-0.2594816999056395,6-9,0.69519012758212,Duke,1.0253666769916134,-0.2281303055144311
Goran Dragic,Miami Heat,1.7214831969515938,PG,-1.083812186684902,6-3,0.8943142357811596,,1.9177972846233093,-0.2281303055144311
Gerald Green,Miami Heat,-0.6790005452480364,SF,-0.3681004508559055,6-7,0.9947014723473591,,-0.7482336279982287,-0.9798114560583836
Udonis Haslem,Miami Heat,-0.33263651481979484,PF,1.6150697274506725,6-8,1.9270642222871022,Florida,-0.38064236968061166,-1.7314926066023362
Joe Johnson,Miami Heat,-0.3353678713534151,SF,0.08772375975740618,6-7,1.1322430558818064,Arkansas,-0.8803011366413886,-0.9798114560583836
Tyler Johnson,Miami Heat,-0.8782849338999693,SG,-1.2902515912903543,6-4,0.00657369869624921,Fresno State,-0.7679300083101976,0.5235508450295214
Josh McRoberts,Miami Heat,0.45688395388595204,PF,-0.07339208567360055,6-10,-0.026464408893463756,Duke,0.1374645199475063,-0.9798114560583836
Josh Richardson,Miami Heat,-0.7864338256884419,SG,-1.3904824563328744,6-6,-0.7296996614968873,Tennessee,-0.8295848409006614,0.5235508450295214
Amar'e Stoudemire,Miami Heat,-0.239736493734813,PF,0.2770675473902041,6-10,0.8433832254684895,,-0.7482336279982287,-0.9798114560583836
Dwyane Wade,Miami Heat,2.9657895346334255,SG,-0.44749863773910403,6-4,1.0622672998843,Marquette,2.923070537482832,-0.2281303055144311
Briante Weber,Miami Heat,0.5963888351057525,PG,-1.698705865991421,6-2,-0.009889217596109976,Virginia Commonwealth,1.0907011526789923,0.5235508450295214
Hassan Whiteside,Miami Heat,-0.44186887641556516,C,1.0924887268942345,7-0,-0.8534967025173419,Marshall,-0.7416682321248474,1.275231995573474
Justise Winslow,Miami Heat,-0.561875963204017,SF,-0.1017704633111311,6-7,-1.4607152945832713,Duke,-0.4525588127383519,1.275231995573474
Dorell Wright,Miami Heat,-0.508783544821741,SF,-0.4973123515472426,6-9,0.951128051770136,,-0.6003962203682903,-0.9798114560583836
Dewayne Dedmon,Orlando Magic,-0.3638588934739787,C,-0.09822980351149552,7-0,-0.6595318533290322,USC,-0.7482336279982287,1.275231995573474
Evan Fournier,Orlando Magic,-0.5448041182298293,SG,-0.8350228406023468,6-7,-0.5554436620456077,,-0.48984757132127515,0.5235508450295214
Aaron Gordon,Orlando Magic,-0.058528288824272474,PF,-1.0520668794165555,6-9,-1.5876946604674838,Arizona,-0.12691733556708898,0.5235508450295214
Mario Hezonja,Orlando Magic,-0.40367417067358263,SG,-0.10030588690296285,6-8,-1.125603973370349,,-0.20981335883336588,1.275231995573474
Ersan Ilyasova,Orlando Magic,0.7987286782480064,PF,-0.07635738857419527,6-10,0.03708231106577492,,0.5914994507279493,-0.2281303055144311
Brandon Jennings,Orlando Magic,-0.20760639179193235,PG,0.30941107313956345,6-1,0.986371210571409,,0.6771503890212787,-0.9798114560583836
Devyn Marble,Orlando Magic,-0.8422650614362123,SF,-0.8956285114886928,6-6,-0.42645290736875,Iowa,-0.7679300083101976,0.5235508450295214
Shabazz Napier,Orlando Magic,-0.9336377431335333,PG,-1.331682053672972,6-1,0.23588285250975743,Connecticut,-0.6813379631418508,0.5235508450295214
Andrew Nicholson,Orlando Magic,-0.5755054095133875,PF,1.7003941982960917,6-9,-0.413719383463382,St. Bonaventure,-0.47204515896068755,-1.7314926066023362
Victor Oladipo,Orlando Magic,0.0773172401040051,SG,-0.907805745556788,6-4,-0.5399836526761945,Indiana,0.06979018742488245,0.5235508450295214
Elfrid Payton,Orlando Magic,-0.5890134956000278,PG,-1.5726376975689917,6-4,-0.47212234200821934,Louisiana-Lafayette,-0.4479342089299125,0.5235508450295214
Jason Smith,Orlando Magic,0.1400766930870474,PF,0.3904201314871584,7-0,0.30213897084195807,Colorado State,-0.10219112053796613,-0.9798114560583836
Nikola Vucevic,Orlando Magic,1.44168832789602,C,0.3747231831416191,7-0,-1.309320907361659,USC,1.237017065655954,-0.2281303055144311
C.J. Watson,Orlando Magic,-0.34662767760213414,PG,-0.23563506689560393,6-2,2.021346573239272,Tennessee,0.0326931572081841,-0.9798114560583836
Alan Anderson,Washington Wizards,0.114392303593012,SG,-0.25936855259411823,6-6,1.2275822184520628,Michigan State,-0.1599986681434591,-0.9798114560583836
Bradley Beal,Washington Wizards,0.12677561180861474,SG,-1.144383533648098,6-5,-0.940072680940552,Florida,0.1665511582925115,0.5235508450295214
Jared Dudley,Washington Wizards,0.2101028739638679,SF,-0.4825936435462637,6-7,0.44986788894562124,Boston College,-0.08773923363659289,-0.9798114560583836
Jarell Eddie,Washington Wizards,-0.7141734778739114,SG,-0.574607681234121,6-7,-0.5532245550299714,Virginia Tech,-0.8225278881808082,0.5235508450295214
Drew Gooden,Washington Wizards,-0.8012023508862587,PF,3.9321171510727058,6-10,1.673621948452457,Kansas,-0.29488294588960934,-1.7314926066023362
Marcin Gortat,Washington Wizards,1.4024613807511248,C,0.3868891635740625,6-11,0.5659020844451667,,1.2307335779230624,-0.2281303055144311
JJ Hickson,Washington Wizards,-0.6978904558796021,C,0.6259400702294277,6-9,-0.21899796808682717,North Carolina State,-0.8781537789396698,1.275231995573474
Nene Hilario,Washington Wizards,1.45133504824826,C,1.839963529307465,6-11,0.8207481877810637,,1.5742277600213297,-0.2281303055144311
Markieff Morris,Washington Wizards,0.8435490356649049,PF,-0.06209817163506832,6-10,-0.7962867824483474,Kansas,0.6107686332631137,-0.2281303055144311
Kelly Oubre Jr.,Washington Wizards,-0.6967710678840164,SF,-0.8752036968275717,6-7,-1.1660023403482196,Kansas,-0.5607514188367925,0.5235508450295214
Otto Porter Jr.,Washington Wizards,-0.3218083760707035,SF,-0.5103024110922222,6-8,-0.3766576431148092,Georgetown,-0.03225169560833372,0.5235508450295214
Ramon Sessions,Washington Wizards,-0.48095833943047867,PG,-1.0004262595257607,6-3,1.1707751591942877,Nevada,-0.5125351068381776,-0.9798114560583836
Garrett Temple,Washington Wizards,-0.7552152740920748,SG,-0.4680279400522979,6-6,1.1949747200975072,LSU,-0.7186889611843627,-0.9798114560583836
Marcus Thornton,Washington Wizards,-0.8426516679771102,SF,-0.36357516564882797,6-4,0.80783308297285,LSU,-0.8921119893844922,-0.9798114560583836
John Wall,Washington Wizards,1.8960067313847198,PG,-1.395207417146244,6-4,-0.3229190320783311,Kentucky,2.123775211332948,-0.2281303055144311
Darrell Arthur,Denver Nuggets,-0.026023273983740516,PF,-0.37418203147914336,6-9,-0.1260201596162143,Kansas,-0.38853117301050794,0.5235508450295214
D.J. Augustin,Denver Nuggets,-0.48559553853906234,PG,-1.038730916475176,6-0,0.8966925124575685,Texas,-0.3526904934951023,-0.9798114560583836
Will Barton,Denver Nuggets,-0.4248456942912686,SF,-1.6357318042566702,6-6,0.32761124039955763,Memphis,-0.24992158420483435,0.5235508450295214
Wilson Chandler,Denver Nuggets,1.0080426121819017,SF,0.2630518366112789,6-8,0.28294021662721913,DePaul,1.0827553125687919,-0.2281303055144311
Kenneth Faried,Denver Nuggets,0.9327301870091225,PF,0.778712387705588,6-8,-0.29896243678960444,Morehead State,1.2343107089688903,-0.2281303055144311
Danilo Gallinari,Denver Nuggets,1.7427359984319497,SF,-0.38194231560935527,6-10,-0.3351381690740698,,1.766919585372973,-0.2281303055144311
Gary Harris,Denver Nuggets,-0.7250072363624152,SG,-0.6369064293352021,6-4,-1.0170900919720596,Michigan State,-0.6254496261168603,0.5235508450295214
Nikola Jokic,Denver Nuggets,-0.5197776360106684,C,0.298567496779082,6-10,-1.7094469168310402,,-0.6802665965928957,1.275231995573474
Joffrey Lauvergne,Denver Nuggets,-1.3339272064266239,C,2.3176222010659813,6-11,0.0016303943092300373,,-0.6013170946016458,-1.7314926066023362
Mike Miller,Denver Nuggets,-0.3322411090512038,SG,-0.28256281819631285,6-8,1.9395776206787567,Florida,-0.7482336279982287,-0.9798114560583836
Emmanuel Mudiay,Denver Nuggets,-0.3787709282868305,PG,-1.4911030768808404,6-5,-1.21049740554513,,-0.33298968127115025,0.5235508450295214
Jameer Nelson,Denver Nuggets,0.05598406186902912,PG,-1.095917547244539,6-0,1.918213571658392,Saint Joseph's,-0.09351998839714219,-0.9798114560583836
Jusuf Nurkic,Denver Nuggets,-0.3215374028617289,C,1.295182841126073,7-0,-2.180610691305679,,-0.5758276272523051,1.275231995573474
JaKarr Sampson,Denver Nuggets,-0.827086821682411,SG,-0.6622355227821363,6-9,-0.6790620158949612,St. John's,-0.880957252306711,0.5235508450295214
Axel Toupane,Denver Nuggets,-0.49523145152384473,SG,-0.887799321653174,6-7,-0.6755252769076726,,-0.5252951595129635,0.5235508450295214
Nemanja Bjelica,Minnesota Timberwolves,-0.8573828572385073,PF,3.371260187514135,6-10,0.5454908996558985,,-0.1696330667192159,-1.7314926066023362
Gorgui Dieng,Minnesota Timberwolves,-0.3226640116378368,C,-0.10817671648847411,6-11,-0.5824984056213888,Louisville,-0.6466534345785551,1.275231995573474
Kevin Garnett,Minnesota Timberwolves,1.0007631710061318,PF,1.070222292004103,6-11,2.3940475924813573,,0.7071145459389353,-0.9798114560583836
Tyus Jones,Minnesota Timberwolves,-0.7420672720211445,PG,-1.5492161749464195,6-2,-1.073242678670798,Duke,-0.6837196341031971,0.5235508450295214
Zach LaVine,Minnesota Timberwolves,-0.6942245078721889,PG,-1.357325464535289,6-5,-0.7115192130303799,UCLA,-0.5167945596375757,0.5235508450295214
Shabazz Muhammad,Minnesota Timberwolves,-0.5254513317078323,SF,-0.22509854662957682,6-6,-0.8241602820464826,UCLA,-0.53441430014773,1.275231995573474
Adreian Payne,Minnesota Timberwolves,-0.6277118380195444,PF,0.9163761121939354,6-10,-0.4843554663212408,Michigan State,-0.5571673508852519,1.275231995573474
Nikola Pekovic,Minnesota Timberwolves,1.9493413331956713,C,1.8333088295000255,6-11,-1.0539147610240738,,1.4008051172048508,-0.2281303055144311
Tayshaun Prince,Minnesota Timberwolves,-0.4810158440073604,SF,-0.043976236639196996,6-9,2.1259731178135026,Kentucky,-0.7482336279982287,-0.9798114560583836
Ricky Rubio,Minnesota Timberwolves,1.254363197381339,PG,-1.1070152023913022,6-4,-0.1737106709590926,,1.5164202124158366,-0.2281303055144311
Damjan Rudez,Minnesota Timberwolves,-0.4496810167026181,SF,-0.019114582890378935,6-9,0.30024531956776823,,-0.709266716308318,-0.9798114560583836
Greg Smith,Minnesota Timberwolves,0.0691891707409763,PF,-0.0035057532296300935,6-10,-1.0055504784256915,Fresno State,-0.2704977953913589,1.275231995573474
Karl-Anthony Towns,Minnesota Timberwolves,-0.01741087050063103,C,0.7972879597109614,7-0,-1.760380176468738,Kentucky,0.16827112552560025,1.275231995573474
Andrew Wiggins,Minnesota Timberwolves,-0.16616236003478166,SG,-0.578823461922451,6-8,-0.8426709749964826,Kansas,0.17888459126596876,0.5235508450295214
Steven Adams,Oklahoma City Thunder,-0.25801548743561914,C,0.3212729486297872,7-0,-1.6339482582921891,Pittsburgh,-0.4916135919006229,1.275231995573474
Nick Collison,Oklahoma City Thunder,0.3708785617214738,PF,0.5237934191298238,6-10,1.0204601204422896,Kansas,-0.2081716244813699,-0.9798114560583836
Kevin Durant,Oklahoma City Thunder,2.5921146317360937,SF,1.02917656356633,6-9,-0.4946426007110591,Texas,2.95363570020376,-0.2281303055144311
Randy Foye,Oklahoma City Thunder,-0.10456294964735606,SG,-0.4515781523805853,6-4,1.158203148698861,Villanova,-0.32667709707263043,-0.9798114560583836
Josh Huestis,Oklahoma City Thunder,-0.8471528493040126,SF,0.7651073601537519,6-7,-0.5462712367040627,Stanford,-0.7110510426110742,1.275231995573474
Serge Ibaka,Oklahoma City Thunder,1.5373747809436897,PF,0.07532294254584845,6-10,-0.8537697868681327,,1.4297088910075972,-0.2281303055144311
Enes Kanter,Oklahoma City Thunder,2.196842535390217,C,0.047013732926958214,6-11,-1.3513706232384708,Kentucky,2.2308251549070537,-0.2281303055144311
Mitch McGary,Oklahoma City Thunder,-0.6118367598858693,PF,1.2792266777951165,6-10,-1.0044601517804734,Michigan,-0.6488501213875638,1.275231995573474
Nazr Mohammed,Oklahoma City Thunder,-0.32358693218556384,C,0.9333776031906597,6-10,1.9029423109360513,Kentucky,-0.8878172739810548,-0.9798114560583836
Anthony Morrow,Oklahoma City Thunder,-0.08213459446674623,SG,-0.7689774789885911,6-5,0.7467024070766586,Georgia Tech,-0.286404505574137,-0.9798114560583836
Cameron Payne,Oklahoma City Thunder,-0.912202795802646,PG,-0.8663904264832105,6-3,-0.5131252214016159,Murray State,-0.5412355907651781,0.5235508450295214
Andre Roberson,Oklahoma City Thunder,-0.8112753899913263,SG,-0.21940372130260463,6-7,-0.3100060894506491,Colorado,-0.6974547074142623,0.5235508450295214
Kyle Singler,Oklahoma City Thunder,0.16126503014240884,SF,-0.33456689052447475,6-8,0.0054317535564823395,Duke,-0.06365275546763749,-0.9798114560583836
Dion Waiters,Oklahoma City Thunder,0.15878013911810843,SG,-0.767154499016969,6-4,-0.7335133509620049,Syracuse,0.05936748659161207,0.5235508450295214
Russell Westbrook,Oklahoma City Thunder,2.1517191447477875,PG,-1.288757347933069,6-3,-0.02444567695750859,UCLA,2.2957079609558084,-0.2281303055144311
Cliff Alexander,Portland Trail Blazers,-0.972558659137208,PF,0.825063254553428,6-8,-1.558281064059153,Kansas,-0.8295848409006614,1.275231995573474
Al-Farouq Aminu,Portland Trail Blazers,0.5933735002430242,SF,-0.6491933011658926,6-9,-0.45199125065763546,Wake Forest,0.6190341491115724,0.5235508450295214
Pat Connaughton,Portland Trail Blazers,-0.7681437193180027,SG,-1.0086212952143176,6-5,-0.5812705818852375,Notre Dame,-0.8103156583654971,0.5235508450295214
Allen Crabbe,Portland Trail Blazers,-0.8814542810810695,SG,-0.13490178775357864,6-6,-0.28639225225934933,California,-0.7482336279982287,0.5235508450295214
Ed Davis,Portland Trail Blazers,0.5084145288865736,C,0.3714626405652485,6-10,-0.36632851090519913,North Carolina,0.4143775102483696,1.275231995573474
Maurice Harkless,Portland Trail Blazers,-0.2997767089344718,SF,-0.8642540835926082,6-9,-0.7991140534590921,St. John's,-0.3731044581646807,0.5235508450295214
Gerald Henderson,Portland Trail Blazers,0.2881060812752315,SG,-0.46893387243878704,6-5,0.23816863163266372,Duke,0.22538498255982728,-0.9798114560583836
Chris Kaman,Portland Trail Blazers,0.2630119963590736,C,1.9794607620456324,7-0,0.8801596910251325,Central Michigan,0.03577622641381039,-1.7314926066023362
Meyers Leonard,Portland Trail Blazers,-0.13116794269860224,PF,0.13515378520299562,7-1,-1.0591476898001946,Illinois,-0.3380690377874196,1.275231995573474
Damian Lillard,Portland Trail Blazers,-0.10819632114352813,PG,-1.401171846387705,6-3,-0.08614659423315106,Weber State,-0.11446809480659538,0.5235508450295214
C.J. McCollum,Portland Trail Blazers,-0.4310510737052159,SG,-1.195983890638804,6-4,-0.32247605774497884,Lehigh,-0.44418827984507653,0.5235508450295214
Luis Montero,Portland Trail Blazers,-1.3969231655100582,SG,0.1374416877135306,6-7,0.1401962862918805,Westchester CC,-0.8295848409006614,0.5235508450295214
Mason Plumlee,Portland Trail Blazers,-0.602534948809389,C,0.5445978221889682,6-11,-0.30562384333457526,Duke,-0.6580068369282739,1.275231995573474
Brian Roberts,Portland Trail Blazers,-0.4144989477523547,PG,-1.591041420615485,6-1,1.4118702830910523,Dayton,-0.38064236968061166,-0.9798114560583836
Noah Vonleh,Portland Trail Blazers,-0.44659529695720934,PF,0.2731579896605293,6-9,-1.7205327049192034,Indiana,-0.42249888798349555,1.275231995573474
Trevor Booker,Utah Jazz,-0.12897430804402846,PF,0.8222505525538879,6-8,0.24912906591708742,Clemson,-0.010662503495935616,-1.7314926066023362
Trey Burke,Utah Jazz,-0.48906773637456297,PG,-1.439402814439169,6-1,-0.3783570160933325,Michigan,-0.41854485172727984,0.5235508450295214
Alec Burks,Utah Jazz,0.7894217620465845,SG,-0.6399220615069803,6-6,-0.6597585467830924,Colorado,0.8927700365960378,-0.2281303055144311
Dante Exum,Utah Jazz,-0.4604513631764858,PG,-1.263443977803387,6-6,-0.9503194787032416,,-0.20283020708262234,0.5235508450295214
Derrick Favors,Utah Jazz,1.5123612885233035,PF,0.687779283187263,6-10,-1.5728408645799399,Georgia Tech,1.3815359346696865,-0.2281303055144311
Rudy Gobert,Utah Jazz,-0.6774273244124085,C,0.7680017273105688,7-1,-1.0869544023888804,,-0.7041835059555417,1.275231995573474
Gordon Hayward,Utah Jazz,1.8294020428961753,SF,0.0858108550598094,6-8,-0.48885193033618557,Butler,2.0385322016338887,-0.2281303055144311
Rodney Hood,Utah Jazz,-0.6418305334265574,SG,-1.013403597919744,6-8,-0.5971260129756659,Duke,-0.6709326045728621,0.5235508450295214
Joe Ingles,Utah Jazz,-0.2436690082008015,SF,-0.4871192636843394,6-8,0.06775391114120329,,-0.5357477275791633,0.5235508450295214
Chris Johnson,Utah Jazz,-0.8598364112316119,SF,-0.14076618769323235,6-6,0.207919906294901,Dayton,-0.7416682321248474,0.5235508450295214
Trey Lyles,Utah Jazz,-0.7977442475639699,PF,0.9695536187848953,6-10,-1.4273086630966685,Kentucky,-0.49917481912742145,1.275231995573474
Shelvin Mack,Utah Jazz,-0.445099041929993,PG,-0.8379793945347364,6-3,0.09537506261234265,Butler,-0.46188259209164184,0.5235508450295214
Raul Neto,Utah Jazz,-1.1207862945852125,PG,-0.7432948433325937,6-1,0.2808027486895442,,-0.757343326733553,0.5235508450295214
Tibor Pleiss,Utah Jazz,-0.16689978663765123,C,0.8790558508195542,7-3,-0.736362633852614,,-0.3719596760302666,1.275231995573474
Jeff Withey,Utah Jazz,-0.7109999417050104,C,0.4584722201217748,7-0,-0.22460902668129423,Kansas,-0.7482336279982287,1.275231995573474
,,-0.7109999417050104,,0.4584722201217748,,-0.22460902668129423,,-0.7482336279982287,1.275231995573474
